timestamp,current_size,sterilized_count,monthly_sterilization,months,sterilization_cost,use_monte_carlo,final_population,final_sterilized,total_sterilizations,total_cost,population_growth,monthly_populations,monthly_sterilized,params
2024-12-11 22:09:01,10,0,0,26,50.0,False,16,0,0,0.0,6,"10,10,13,14,11,14,13,12,11,9,14,17,15,13,13,17,19,17,17,18,15,14,12,10,10,13,16","0,0,0,0,0,0,0,0,0,0,0,0,0,0,0,0,0,0,0,0,0,0,0,0,0,0,0","{'breeding_rate': 0.85, 'kittens_per_litter': 4, 'litters_per_year': 2.5, 'kitten_survival_rate': 0.8, 'female_ratio': 0.5, 'adult_survival_rate': 0.92, 'kitten_maturity_months': 5, 'seasonal_breeding_amplitude': 0.15, 'peak_breeding_month': 3, 'base_food_capacity': 0.9, 'food_scaling_factor': 0.8, 'water_availability': 0.95, 'shelter_quality': 0.85, 'urban_risk': 0.08, 'disease_risk': 0.04, 'natural_risk': 0.04, 'caretaker_support': 1.0, 'feeding_consistency': 0.95, 'sterilization_cost': 50.0, 'monthly_abandonment': 0.0, 'abandoned_sterilized_ratio': 0.2, 'territory_size': 1000.0, 'density_impact_threshold': 1.2}"
2024-12-11 22:09:24,59,25,5,24,50.0,False,46,46,120,6000.0,-13,"59,59,66,65,63,62,61,60,58,57,56,55,54,54,52,52,52,50,49,49,48,47,47,46,46","25,30,35,40,45,50,53,52,58,57,56,55,54,54,52,52,52,50,49,49,48,47,47,46,46","{'breeding_rate': 0.85, 'kittens_per_litter': 4, 'litters_per_year': 2.5, 'kitten_survival_rate': 0.8, 'female_ratio': 0.5, 'adult_survival_rate': 0.92, 'kitten_maturity_months': 5, 'seasonal_breeding_amplitude': 0.15, 'peak_breeding_month': 3, 'base_food_capacity': 0.9, 'food_scaling_factor': 0.8, 'water_availability': 0.95, 'shelter_quality': 0.85, 'urban_risk': 0.08, 'disease_risk': 0.04, 'natural_risk': 0.04, 'caretaker_support': 1.0, 'feeding_consistency': 0.95, 'sterilization_cost': 50.0, 'monthly_abandonment': 0.0, 'abandoned_sterilized_ratio': 0.2, 'territory_size': 1000.0, 'density_impact_threshold': 1.2}"
2024-12-11 22:09:33,59,25,5,24,50.0,False,45,45,120,6000.0,-14,"59,59,59,56,57,58,58,59,59,59,59,55,50,49,50,50,50,48,49,49,49,48,48,45,45","25,29,34,37,42,47,52,56,59,59,59,55,50,49,50,50,50,48,49,49,49,48,48,45,45","{'breeding_rate': 0.85, 'kittens_per_litter': 4.0, 'litters_per_year': 2.5, 'kitten_survival_rate': 0.5, 'female_ratio': 0.5, 'adult_survival_rate': 0.75, 'kitten_maturity_months': 6.0, 'seasonal_breeding_amplitude': 0.2, 'peak_breeding_month': 3.0, 'base_food_capacity': 0.9, 'food_scaling_factor': 0.8, 'water_availability': 0.9, 'shelter_quality': 0.8, 'urban_risk': 0.1, 'disease_risk': 0.05, 'natural_risk': 0.05, 'caretaker_support': 0.8, 'feeding_consistency': 0.9, 'sterilization_cost': 50.0, 'monthly_abandonment': 1.0, 'abandoned_sterilized_ratio': 0.2, 'territory_size': 1000.0, 'density_impact_threshold': 1.2, 'density_mortality_factor': 0.5, 'mortality_threshold': 30.0, 'survival_density_factor': 0.3, 'gestation_months': 2.0}"
2024-12-11 22:09:37,59,25,5,24,50.0,False,84,81,120,6000.0,25,"59,59,64,77,71,71,79,75,75,81,80,79,75,75,74,76,78,79,80,80,77,80,81,82,84","25,29,32,35,39,42,46,49,53,53,55,57,59,62,64,68,71,73,75,77,74,77,78,79,81","{'breeding_rate': 0.85, 'kittens_per_litter': 4.0, 'litters_per_year': 2.5, 'kitten_survival_rate': 0.5, 'female_ratio': 0.5, 'adult_survival_rate': 0.75, 'kitten_maturity_months': 6.0, 'seasonal_breeding_amplitude': 0.2, 'peak_breeding_month': 3.0, 'base_food_capacity': 0.9, 'food_scaling_factor': 0.8, 'water_availability': 0.9, 'shelter_quality': 0.8, 'urban_risk': 0.1, 'disease_risk': 0.05, 'natural_risk': 0.05, 'caretaker_support': 0.8, 'feeding_consistency': 0.9, 'sterilization_cost': 50.0, 'monthly_abandonment': 4.0, 'abandoned_sterilized_ratio': 0.2, 'territory_size': 1000.0, 'density_impact_threshold': 1.2, 'density_mortality_factor': 0.5, 'mortality_threshold': 30.0, 'survival_density_factor': 0.3, 'gestation_months': 2.0}"
2024-12-11 22:09:41,59,25,5,24,50.0,False,94,91,120,6000.0,35,"59,65,72,80,71,78,77,77,76,74,72,75,80,82,82,84,86,86,88,91,92,92,95,95,94","25,29,32,35,38,41,46,48,51,55,56,61,64,69,72,77,79,80,85,88,89,89,92,92,91","{'breeding_rate': 0.85, 'kittens_per_litter': 4.0, 'litters_per_year': 2.5, 'kitten_survival_rate': 0.5, 'female_ratio': 0.5, 'adult_survival_rate': 0.75, 'kitten_maturity_months': 6.0, 'seasonal_breeding_amplitude': 0.2, 'peak_breeding_month': 3.0, 'base_food_capacity': 0.9, 'food_scaling_factor': 0.8, 'water_availability': 0.9, 'shelter_quality': 0.8, 'urban_risk': 0.1, 'disease_risk': 0.05, 'natural_risk': 0.05, 'caretaker_support': 0.8, 'feeding_consistency': 0.9, 'sterilization_cost': 50.0, 'monthly_abandonment': 3.0, 'abandoned_sterilized_ratio': 0.2, 'territory_size': 1000.0, 'density_impact_threshold': 1.2, 'density_mortality_factor': 0.5, 'mortality_threshold': 30.0, 'survival_density_factor': 0.3, 'gestation_months': 2.0}"
2024-12-11 22:09:51,59,25,5,24,50.0,False,77,74,120,6000.0,18,"59,61,65,71,75,76,85,84,84,80,79,78,76,77,78,80,80,79,78,78,78,78,79,78,77","25,28,30,34,39,43,48,52,55,56,60,64,67,70,74,77,77,76,75,75,75,75,76,75,74","{'breeding_rate': 0.85, 'kittens_per_litter': 4.0, 'litters_per_year': 2.5, 'kitten_survival_rate': 0.5, 'female_ratio': 0.5, 'adult_survival_rate': 0.75, 'kitten_maturity_months': 6.0, 'seasonal_breeding_amplitude': 0.2, 'peak_breeding_month': 3.0, 'base_food_capacity': 0.9, 'food_scaling_factor': 0.8, 'water_availability': 0.9, 'shelter_quality': 0.8, 'urban_risk': 0.5, 'disease_risk': 0.05, 'natural_risk': 0.05, 'caretaker_support': 0.8, 'feeding_consistency': 0.9, 'sterilization_cost': 50.0, 'monthly_abandonment': 3.0, 'abandoned_sterilized_ratio': 0.2, 'territory_size': 1000.0, 'density_impact_threshold': 1.2, 'density_mortality_factor': 0.5, 'mortality_threshold': 30.0, 'survival_density_factor': 0.3, 'gestation_months': 2.0}"
2024-12-11 22:10:01,59,25,5,24,50.0,False,72,69,120,6000.0,13,"59,64,66,72,69,68,66,65,66,67,69,69,72,74,75,75,76,74,73,75,72,73,71,69,72","25,30,35,38,41,45,48,51,55,58,62,65,69,71,72,72,73,71,70,72,69,70,68,66,69","{'breeding_rate': 0.85, 'kittens_per_litter': 4.0, 'litters_per_year': 2.5, 'kitten_survival_rate': 0.5, 'female_ratio': 0.5, 'adult_survival_rate': 0.75, 'kitten_maturity_months': 6.0, 'seasonal_breeding_amplitude': 0.2, 'peak_breeding_month': 3.0, 'base_food_capacity': 0.9, 'food_scaling_factor': 0.8, 'water_availability': 0.9, 'shelter_quality': 0.8, 'urban_risk': 0.5, 'disease_risk': 0.5, 'natural_risk': 0.05, 'caretaker_support': 0.8, 'feeding_consistency': 0.9, 'sterilization_cost': 50.0, 'monthly_abandonment': 3.0, 'abandoned_sterilized_ratio': 0.2, 'territory_size': 1000.0, 'density_impact_threshold': 1.2, 'density_mortality_factor': 0.5, 'mortality_threshold': 30.0, 'survival_density_factor': 0.3, 'gestation_months': 2.0}"
2024-12-11 22:10:13,59,25,5,24,50.0,False,86,83,120,6000.0,27,"59,64,66,72,76,78,80,84,83,77,75,75,77,77,80,78,78,77,79,81,83,85,82,83,86","25,29,33,36,41,45,49,51,54,54,57,58,62,67,72,72,75,74,76,78,80,82,79,80,83","{'breeding_rate': 0.85, 'kittens_per_litter': 4.0, 'litters_per_year': 2.5, 'kitten_survival_rate': 0.5, 'female_ratio': 0.5, 'adult_survival_rate': 0.75, 'kitten_maturity_months': 6.0, 'seasonal_breeding_amplitude': 0.2, 'peak_breeding_month': 3.0, 'base_food_capacity': 0.9, 'food_scaling_factor': 0.8, 'water_availability': 0.9, 'shelter_quality': 0.8, 'urban_risk': 0.5, 'disease_risk': 0.5, 'natural_risk': 0.05, 'caretaker_support': 0.8, 'feeding_consistency': 0.9, 'sterilization_cost': 50.0, 'monthly_abandonment': 3.0, 'abandoned_sterilized_ratio': 0.2, 'territory_size': 1000.0, 'density_impact_threshold': 1.2, 'density_mortality_factor': 0.5, 'mortality_threshold': 30.0, 'survival_density_factor': 0.3, 'gestation_months': 2.0}"
2024-12-11 22:10:22,59,25,5,24,50.0,False,80,78,120,6000.0,21,"59,63,70,72,84,78,77,78,80,80,78,84,83,78,80,81,79,80,78,79,82,81,81,83,80","25,29,32,36,39,42,46,49,51,54,57,61,64,64,68,72,70,74,75,76,79,78,78,80,78","{'breeding_rate': 0.85, 'kittens_per_litter': 4.0, 'litters_per_year': 2.5, 'kitten_survival_rate': 0.5, 'female_ratio': 0.5, 'adult_survival_rate': 0.75, 'kitten_maturity_months': 6.0, 'seasonal_breeding_amplitude': 0.2, 'peak_breeding_month': 3.0, 'base_food_capacity': 0.9, 'food_scaling_factor': 0.8, 'water_availability': 0.9, 'shelter_quality': 0.8, 'urban_risk': 0.5, 'disease_risk': 0.5, 'natural_risk': 0.05, 'caretaker_support': 1.0, 'feeding_consistency': 0.8, 'sterilization_cost': 50.0, 'monthly_abandonment': 3.0, 'abandoned_sterilized_ratio': 0.2, 'territory_size': 1000.0, 'density_impact_threshold': 1.2, 'density_mortality_factor': 0.5, 'mortality_threshold': 30.0, 'survival_density_factor': 0.3, 'gestation_months': 2.0}"
2024-12-11 22:10:39,59,20,5,24,50.0,False,91,88,120,6000.0,32,"59,63,78,80,79,85,90,95,94,94,87,86,84,83,79,81,83,86,88,88,89,89,88,91,91","20,24,27,31,34,37,39,43,47,51,54,58,60,66,67,71,76,81,85,85,86,86,85,88,88","{'breeding_rate': 0.85, 'kittens_per_litter': 4.0, 'litters_per_year': 2.5, 'kitten_survival_rate': 0.5, 'female_ratio': 0.5, 'adult_survival_rate': 0.75, 'kitten_maturity_months': 6.0, 'seasonal_breeding_amplitude': 0.2, 'peak_breeding_month': 3.0, 'base_food_capacity': 0.9, 'food_scaling_factor': 0.8, 'water_availability': 0.9, 'shelter_quality': 0.8, 'urban_risk': 0.5, 'disease_risk': 0.5, 'natural_risk': 0.05, 'caretaker_support': 1.0, 'feeding_consistency': 0.8, 'sterilization_cost': 50.0, 'monthly_abandonment': 3.0, 'abandoned_sterilized_ratio': 0.2, 'territory_size': 1000.0, 'density_impact_threshold': 1.2, 'density_mortality_factor': 0.5, 'mortality_threshold': 30.0, 'survival_density_factor': 0.3, 'gestation_months': 2.0}"
2024-12-11 22:10:46,59,20,5,42,50.0,False,78,75,210,10500.0,19,"59,61,85,79,86,90,85,82,84,89,87,83,80,77,77,77,75,73,73,73,69,69,69,72,74,74,77,78,78,77,78,77,78,79,79,79,71,71,71,73,75,76,78","20,23,27,30,34,38,41,43,47,48,52,57,59,62,65,69,70,70,70,70,66,66,66,69,71,71,74,75,75,74,75,74,75,76,76,76,68,68,68,70,72,73,75","{'breeding_rate': 0.85, 'kittens_per_litter': 4.0, 'litters_per_year': 2.5, 'kitten_survival_rate': 0.5, 'female_ratio': 0.5, 'adult_survival_rate': 0.75, 'kitten_maturity_months': 6.0, 'seasonal_breeding_amplitude': 0.2, 'peak_breeding_month': 3.0, 'base_food_capacity': 0.9, 'food_scaling_factor': 0.8, 'water_availability': 0.9, 'shelter_quality': 0.8, 'urban_risk': 0.5, 'disease_risk': 0.5, 'natural_risk': 0.05, 'caretaker_support': 1.0, 'feeding_consistency': 0.8, 'sterilization_cost': 50.0, 'monthly_abandonment': 3.0, 'abandoned_sterilized_ratio': 0.2, 'territory_size': 1000.0, 'density_impact_threshold': 1.2, 'density_mortality_factor': 0.5, 'mortality_threshold': 30.0, 'survival_density_factor': 0.3, 'gestation_months': 2.0}"
2024-12-11 22:10:49,59,20,5,60,50.0,False,82,79,300,15000.0,23,"59,65,92,93,91,101,96,90,99,103,102,99,92,92,87,88,83,84,84,85,85,86,88,88,89,91,91,90,87,86,87,87,84,86,87,87,87,86,84,86,85,85,82,79,81,84,83,82,82,83,82,81,84,83,79,80,80,80,81,80,82","20,25,29,34,38,42,47,50,55,59,61,64,66,70,73,76,77,80,81,82,82,83,85,85,86,88,88,87,84,83,84,84,81,83,84,84,84,83,81,83,82,82,79,76,78,81,80,79,79,80,79,78,81,80,76,77,77,78,79,77,79","{'breeding_rate': 0.85, 'kittens_per_litter': 4.0, 'litters_per_year': 2.5, 'kitten_survival_rate': 0.5, 'female_ratio': 0.5, 'adult_survival_rate': 0.75, 'kitten_maturity_months': 6.0, 'seasonal_breeding_amplitude': 0.2, 'peak_breeding_month': 3.0, 'base_food_capacity': 0.9, 'food_scaling_factor': 0.8, 'water_availability': 0.9, 'shelter_quality': 0.8, 'urban_risk': 0.5, 'disease_risk': 0.5, 'natural_risk': 0.05, 'caretaker_support': 1.0, 'feeding_consistency': 0.8, 'sterilization_cost': 50.0, 'monthly_abandonment': 3.0, 'abandoned_sterilized_ratio': 0.2, 'territory_size': 1000.0, 'density_impact_threshold': 1.2, 'density_mortality_factor': 0.5, 'mortality_threshold': 30.0, 'survival_density_factor': 0.3, 'gestation_months': 2.0}"
2024-12-11 22:13:37,10,0,1,12,50.0,False,10,10,12,600.0,0,"10,10,10,10,10,10,10,10,10,10,10,10,10","0,1,2,3,4,5,6,7,8,9,10,10,10","{'breeding_rate': 0.85, 'kittens_per_litter': 4, 'litters_per_year': 2.5, 'kitten_survival_rate': 0.8, 'female_ratio': 0.5, 'adult_survival_rate': 0.92, 'kitten_maturity_months': 5, 'seasonal_breeding_amplitude': 0.15, 'peak_breeding_month': 3, 'base_food_capacity': 0.9, 'food_scaling_factor': 0.8, 'water_availability': 0.95, 'shelter_quality': 0.85, 'urban_risk': 0.08, 'disease_risk': 0.04, 'natural_risk': 0.04, 'caretaker_support': 1.0, 'feeding_consistency': 0.95, 'sterilization_cost': 50.0, 'monthly_abandonment': 0.0, 'abandoned_sterilized_ratio': 0.2, 'territory_size': 1000.0, 'density_impact_threshold': 1.2}"
2024-12-11 22:13:43,10,0,1,12,50.0,False,10,10,12,600.0,0,"10,10,14,13,12,12,11,11,10,10,10,10,10","0,1,2,3,4,5,6,7,8,9,10,10,10","{'breeding_rate': 0.85, 'kittens_per_litter': 4, 'litters_per_year': 2.5, 'kitten_survival_rate': 0.8, 'female_ratio': 0.5, 'adult_survival_rate': 0.92, 'kitten_maturity_months': 5, 'seasonal_breeding_amplitude': 0.15, 'peak_breeding_month': 3, 'base_food_capacity': 0.9, 'food_scaling_factor': 0.8, 'water_availability': 0.95, 'shelter_quality': 0.85, 'urban_risk': 0.08, 'disease_risk': 0.04, 'natural_risk': 0.04, 'caretaker_support': 1.0, 'feeding_consistency': 0.95, 'sterilization_cost': 50.0, 'monthly_abandonment': 0.0, 'abandoned_sterilized_ratio': 0.2, 'territory_size': 1000.0, 'density_impact_threshold': 1.2}"
2024-12-11 22:13:47,10,0,1,12,50.0,False,9,9,12,600.0,-1,"10,10,14,12,16,13,10,10,9,9,9,9,9","0,1,2,3,4,5,6,7,8,8,9,9,9","{'breeding_rate': 0.85, 'kittens_per_litter': 4, 'litters_per_year': 2.5, 'kitten_survival_rate': 0.8, 'female_ratio': 0.5, 'adult_survival_rate': 0.92, 'kitten_maturity_months': 5, 'seasonal_breeding_amplitude': 0.15, 'peak_breeding_month': 3, 'base_food_capacity': 0.9, 'food_scaling_factor': 0.8, 'water_availability': 0.95, 'shelter_quality': 0.85, 'urban_risk': 0.08, 'disease_risk': 0.04, 'natural_risk': 0.04, 'caretaker_support': 1.0, 'feeding_consistency': 0.95, 'sterilization_cost': 50.0, 'monthly_abandonment': 0.0, 'abandoned_sterilized_ratio': 0.2, 'territory_size': 1000.0, 'density_impact_threshold': 1.2}"
2024-12-11 22:13:49,10,0,1,12,50.0,False,8,8,12,600.0,-2,"10,9,9,8,8,8,8,8,8,8,8,8,8","0,1,2,3,4,5,6,7,8,8,8,8,8","{'breeding_rate': 0.85, 'kittens_per_litter': 4, 'litters_per_year': 2.5, 'kitten_survival_rate': 0.8, 'female_ratio': 0.5, 'adult_survival_rate': 0.92, 'kitten_maturity_months': 5, 'seasonal_breeding_amplitude': 0.15, 'peak_breeding_month': 3, 'base_food_capacity': 0.9, 'food_scaling_factor': 0.8, 'water_availability': 0.95, 'shelter_quality': 0.85, 'urban_risk': 0.08, 'disease_risk': 0.04, 'natural_risk': 0.04, 'caretaker_support': 1.0, 'feeding_consistency': 0.95, 'sterilization_cost': 50.0, 'monthly_abandonment': 0.0, 'abandoned_sterilized_ratio': 0.2, 'territory_size': 1000.0, 'density_impact_threshold': 1.2}"
2024-12-11 22:13:51,10,0,1,12,50.0,False,10,10,12,600.0,0,"10,10,13,16,14,14,13,12,12,12,10,10,10","0,1,2,3,4,5,6,6,7,8,8,9,10","{'breeding_rate': 0.85, 'kittens_per_litter': 4, 'litters_per_year': 2.5, 'kitten_survival_rate': 0.8, 'female_ratio': 0.5, 'adult_survival_rate': 0.92, 'kitten_maturity_months': 5, 'seasonal_breeding_amplitude': 0.15, 'peak_breeding_month': 3, 'base_food_capacity': 0.9, 'food_scaling_factor': 0.8, 'water_availability': 0.95, 'shelter_quality': 0.85, 'urban_risk': 0.08, 'disease_risk': 0.04, 'natural_risk': 0.04, 'caretaker_support': 1.0, 'feeding_consistency': 0.95, 'sterilization_cost': 50.0, 'monthly_abandonment': 0.0, 'abandoned_sterilized_ratio': 0.2, 'territory_size': 1000.0, 'density_impact_threshold': 1.2}"
2024-12-11 22:13:54,10,0,1,12,50.0,False,9,9,12,600.0,-1,"10,10,14,13,12,11,11,10,10,10,10,10,9","0,1,2,3,4,5,6,7,8,9,10,10,9","{'breeding_rate': 0.85, 'kittens_per_litter': 4, 'litters_per_year': 2.5, 'kitten_survival_rate': 0.8, 'female_ratio': 0.5, 'adult_survival_rate': 0.92, 'kitten_maturity_months': 5, 'seasonal_breeding_amplitude': 0.15, 'peak_breeding_month': 3, 'base_food_capacity': 0.9, 'food_scaling_factor': 0.8, 'water_availability': 0.95, 'shelter_quality': 0.85, 'urban_risk': 0.08, 'disease_risk': 0.04, 'natural_risk': 0.04, 'caretaker_support': 1.0, 'feeding_consistency': 0.95, 'sterilization_cost': 50.0, 'monthly_abandonment': 0.0, 'abandoned_sterilized_ratio': 0.2, 'territory_size': 1000.0, 'density_impact_threshold': 1.2}"
2024-12-11 22:13:55,10,0,1,12,50.0,False,7,7,12,600.0,-3,"10,9,9,9,9,9,8,8,7,7,7,7,7","0,1,2,3,4,5,6,7,7,7,7,7,7","{'breeding_rate': 0.85, 'kittens_per_litter': 4, 'litters_per_year': 2.5, 'kitten_survival_rate': 0.8, 'female_ratio': 0.5, 'adult_survival_rate': 0.92, 'kitten_maturity_months': 5, 'seasonal_breeding_amplitude': 0.15, 'peak_breeding_month': 3, 'base_food_capacity': 0.9, 'food_scaling_factor': 0.8, 'water_availability': 0.95, 'shelter_quality': 0.85, 'urban_risk': 0.08, 'disease_risk': 0.04, 'natural_risk': 0.04, 'caretaker_support': 1.0, 'feeding_consistency': 0.95, 'sterilization_cost': 50.0, 'monthly_abandonment': 0.0, 'abandoned_sterilized_ratio': 0.2, 'territory_size': 1000.0, 'density_impact_threshold': 1.2}"
2024-12-11 22:18:41,10,0,1,12,50.0,False,11,11,12,600.0,1,"10,10,14,13,13,13,11,11,11,11,11,11,11","0,1,2,3,4,5,6,7,8,9,10,11,11","{'breeding_rate': 0.85, 'kittens_per_litter': 4, 'litters_per_year': 2.5, 'kitten_survival_rate': 0.8, 'female_ratio': 0.5, 'adult_survival_rate': 0.92, 'kitten_maturity_months': 5, 'seasonal_breeding_amplitude': 0.15, 'peak_breeding_month': 3, 'base_food_capacity': 0.9, 'food_scaling_factor': 0.8, 'water_availability': 0.95, 'shelter_quality': 0.85, 'urban_risk': 0.08, 'disease_risk': 0.04, 'natural_risk': 0.04, 'caretaker_support': 1.0, 'feeding_consistency': 0.95, 'sterilization_cost': 50.0, 'monthly_abandonment': 0.0, 'abandoned_sterilized_ratio': 0.2, 'territory_size': 1000.0, 'density_impact_threshold': 1.2}"
2024-12-11 22:18:45,10,0,1,12,50.0,False,8,8,12,600.0,-2,"10,10,9,9,9,9,9,9,9,9,9,8,8","0,1,2,3,4,5,6,7,8,9,9,8,8","{'breeding_rate': 0.85, 'kittens_per_litter': 4, 'litters_per_year': 2.5, 'kitten_survival_rate': 0.8, 'female_ratio': 0.5, 'adult_survival_rate': 0.92, 'kitten_maturity_months': 5, 'seasonal_breeding_amplitude': 0.15, 'peak_breeding_month': 3, 'base_food_capacity': 0.9, 'food_scaling_factor': 0.8, 'water_availability': 0.95, 'shelter_quality': 0.85, 'urban_risk': 0.08, 'disease_risk': 0.04, 'natural_risk': 0.04, 'caretaker_support': 1.0, 'feeding_consistency': 0.95, 'sterilization_cost': 50.0, 'monthly_abandonment': 0.0, 'abandoned_sterilized_ratio': 0.2, 'territory_size': 1000.0, 'density_impact_threshold': 1.2}"
2024-12-11 22:20:19,10,0,1,12,50.0,False,8,8,12,600.0,-2,"10,10,13,12,10,10,10,10,9,9,9,9,8","0,1,2,3,4,5,6,7,8,9,9,9,8","{'breeding_rate': 0.85, 'kittens_per_litter': 4, 'litters_per_year': 2.5, 'kitten_survival_rate': 0.8, 'female_ratio': 0.5, 'adult_survival_rate': 0.92, 'kitten_maturity_months': 5, 'seasonal_breeding_amplitude': 0.15, 'peak_breeding_month': 3, 'base_food_capacity': 0.9, 'food_scaling_factor': 0.8, 'water_availability': 0.95, 'shelter_quality': 0.85, 'urban_risk': 0.08, 'disease_risk': 0.04, 'natural_risk': 0.04, 'caretaker_support': 1.0, 'feeding_consistency': 0.95, 'sterilization_cost': 50.0, 'monthly_abandonment': 0.0, 'abandoned_sterilized_ratio': 0.2, 'territory_size': 1000.0, 'density_impact_threshold': 1.2}"
2024-12-11 22:20:25,10,0,0,12,50.0,False,15,0,0,0.0,5,"10,8,8,11,15,20,18,23,22,22,18,16,15","0,0,0,0,0,0,0,0,0,0,0,0,0","{'breeding_rate': 0.85, 'kittens_per_litter': 4, 'litters_per_year': 2.5, 'kitten_survival_rate': 0.8, 'female_ratio': 0.5, 'adult_survival_rate': 0.92, 'kitten_maturity_months': 5, 'seasonal_breeding_amplitude': 0.15, 'peak_breeding_month': 3, 'base_food_capacity': 0.9, 'food_scaling_factor': 0.8, 'water_availability': 0.95, 'shelter_quality': 0.85, 'urban_risk': 0.08, 'disease_risk': 0.04, 'natural_risk': 0.04, 'caretaker_support': 1.0, 'feeding_consistency': 0.95, 'sterilization_cost': 50.0, 'monthly_abandonment': 0.0, 'abandoned_sterilized_ratio': 0.2, 'territory_size': 1000.0, 'density_impact_threshold': 1.2}"
2024-12-11 22:20:27,10,0,0,12,50.0,False,16,0,0,0.0,6,"10,9,16,21,19,19,15,14,11,13,11,14,16","0,0,0,0,0,0,0,0,0,0,0,0,0","{'breeding_rate': 0.85, 'kittens_per_litter': 4, 'litters_per_year': 2.5, 'kitten_survival_rate': 0.8, 'female_ratio': 0.5, 'adult_survival_rate': 0.92, 'kitten_maturity_months': 5, 'seasonal_breeding_amplitude': 0.15, 'peak_breeding_month': 3, 'base_food_capacity': 0.9, 'food_scaling_factor': 0.8, 'water_availability': 0.95, 'shelter_quality': 0.85, 'urban_risk': 0.08, 'disease_risk': 0.04, 'natural_risk': 0.04, 'caretaker_support': 1.0, 'feeding_consistency': 0.95, 'sterilization_cost': 50.0, 'monthly_abandonment': 0.0, 'abandoned_sterilized_ratio': 0.2, 'territory_size': 1000.0, 'density_impact_threshold': 1.2}"
2024-12-11 22:20:31,10,0,0,60,50.0,False,70,0,0,0.0,60,"10,10,10,10,19,22,23,24,23,21,19,17,17,17,20,24,38,36,36,36,43,48,45,39,37,34,32,29,27,32,31,28,30,29,30,38,41,40,43,39,43,48,49,52,46,48,53,49,47,48,50,46,45,51,59,53,55,69,68,70,70","0,0,0,0,0,0,0,0,0,0,0,0,0,0,0,0,0,0,0,0,0,0,0,0,0,0,0,0,0,0,0,0,0,0,0,0,0,0,0,0,0,0,0,0,0,0,0,0,0,0,0,0,0,0,0,0,0,0,0,0,0","{'breeding_rate': 0.85, 'kittens_per_litter': 4, 'litters_per_year': 2.5, 'kitten_survival_rate': 0.8, 'female_ratio': 0.5, 'adult_survival_rate': 0.92, 'kitten_maturity_months': 5, 'seasonal_breeding_amplitude': 0.15, 'peak_breeding_month': 3, 'base_food_capacity': 0.9, 'food_scaling_factor': 0.8, 'water_availability': 0.95, 'shelter_quality': 0.85, 'urban_risk': 0.08, 'disease_risk': 0.04, 'natural_risk': 0.04, 'caretaker_support': 1.0, 'feeding_consistency': 0.95, 'sterilization_cost': 50.0, 'monthly_abandonment': 0.0, 'abandoned_sterilized_ratio': 0.2, 'territory_size': 1000.0, 'density_impact_threshold': 1.2}"
2024-12-11 22:20:38,10,0,0,60,50.0,False,58,0,0,0.0,48,"10,10,14,18,21,21,23,23,25,26,28,26,20,19,22,26,28,25,27,31,28,26,22,22,27,29,28,32,34,27,26,34,36,31,35,34,31,29,32,42,38,35,35,41,43,43,37,35,34,33,38,33,39,52,51,52,48,44,53,58,58","0,0,0,0,0,0,0,0,0,0,0,0,0,0,0,0,0,0,0,0,0,0,0,0,0,0,0,0,0,0,0,0,0,0,0,0,0,0,0,0,0,0,0,0,0,0,0,0,0,0,0,0,0,0,0,0,0,0,0,0,0","{'breeding_rate': 0.85, 'kittens_per_litter': 4, 'litters_per_year': 2.5, 'kitten_survival_rate': 0.8, 'female_ratio': 0.5, 'adult_survival_rate': 0.92, 'kitten_maturity_months': 5, 'seasonal_breeding_amplitude': 0.15, 'peak_breeding_month': 3, 'base_food_capacity': 0.9, 'food_scaling_factor': 0.8, 'water_availability': 0.95, 'shelter_quality': 0.85, 'urban_risk': 0.08, 'disease_risk': 0.04, 'natural_risk': 0.04, 'caretaker_support': 1.0, 'feeding_consistency': 0.95, 'sterilization_cost': 50.0, 'monthly_abandonment': 0.0, 'abandoned_sterilized_ratio': 0.2, 'territory_size': 1000.0, 'density_impact_threshold': 1.2}"
2024-12-11 22:20:49,10,0,0,60,50.0,False,29,0,0,0.0,19,"10,10,10,14,16,15,22,20,20,22,22,24,26,21,20,22,18,16,19,21,18,19,21,19,22,22,22,20,28,24,20,19,22,24,26,31,33,27,26,23,22,25,28,25,32,44,46,46,36,41,40,40,43,36,34,34,38,38,31,24,29","0,0,0,0,0,0,0,0,0,0,0,0,0,0,0,0,0,0,0,0,0,0,0,0,0,0,0,0,0,0,0,0,0,0,0,0,0,0,0,0,0,0,0,0,0,0,0,0,0,0,0,0,0,0,0,0,0,0,0,0,0","{'breeding_rate': 0.85, 'kittens_per_litter': 4, 'litters_per_year': 2.5, 'kitten_survival_rate': 0.8, 'female_ratio': 0.5, 'adult_survival_rate': 0.92, 'kitten_maturity_months': 5, 'seasonal_breeding_amplitude': 0.15, 'peak_breeding_month': 3, 'base_food_capacity': 0.9, 'food_scaling_factor': 0.8, 'water_availability': 0.95, 'shelter_quality': 0.85, 'urban_risk': 0.08, 'disease_risk': 0.04, 'natural_risk': 0.04, 'caretaker_support': 1.0, 'feeding_consistency': 0.95, 'sterilization_cost': 50.0, 'monthly_abandonment': 0.0, 'abandoned_sterilized_ratio': 0.2, 'territory_size': 1000.0, 'density_impact_threshold': 1.2}"
2024-12-11 22:21:01,10,0,0,60,50.0,False,3000,0,0,0.0,2990,"10,44,85,155,204,281,338,382,424,470,558,611,647,721,747,791,925,991,1071,1122,1127,1197,1293,1349,1330,1364,1387,1457,1572,1646,1653,1785,1803,1823,1921,1902,1927,1925,1904,1978,2085,2148,2221,2293,2331,2397,2428,2553,2446,2507,2508,2583,2724,2769,2630,2640,2582,2732,2951,2943,3000","0,0,0,0,0,0,0,0,0,0,0,0,0,0,0,0,0,0,0,0,0,0,0,0,0,0,0,0,0,0,0,0,0,0,0,0,0,0,0,0,0,0,0,0,0,0,0,0,0,0,0,0,0,0,0,0,0,0,0,0,0","{'breeding_rate': 0.85, 'kittens_per_litter': 4.0, 'litters_per_year': 2.5, 'kitten_survival_rate': 0.5, 'female_ratio': 0.5, 'adult_survival_rate': 0.75, 'kitten_maturity_months': 6.0, 'seasonal_breeding_amplitude': 0.2, 'peak_breeding_month': 3.0, 'base_food_capacity': 0.9, 'food_scaling_factor': 0.8, 'water_availability': 0.9, 'shelter_quality': 0.8, 'urban_risk': 0.1, 'disease_risk': 0.05, 'natural_risk': 0.05, 'caretaker_support': 0.8, 'feeding_consistency': 0.9, 'sterilization_cost': 50.0, 'monthly_abandonment': 34.0, 'abandoned_sterilized_ratio': 0.2, 'territory_size': 1000.0, 'density_impact_threshold': 1.2, 'density_mortality_factor': 0.5, 'mortality_threshold': 30.0, 'survival_density_factor': 0.3, 'gestation_months': 2.0}"
2024-12-11 22:21:03,10,0,0,60,50.0,False,1352,0,0,0.0,1342,"10,25,47,65,109,128,159,177,207,229,290,296,309,331,336,371,403,397,439,466,509,517,553,554,583,656,645,677,714,777,767,764,764,793,814,871,870,889,900,959,1045,1019,958,954,976,1012,997,1028,1052,1096,1076,1146,1200,1243,1203,1230,1234,1264,1314,1352,1352","0,0,0,0,0,0,0,0,0,0,0,0,0,0,0,0,0,0,0,0,0,0,0,0,0,0,0,0,0,0,0,0,0,0,0,0,0,0,0,0,0,0,0,0,0,0,0,0,0,0,0,0,0,0,0,0,0,0,0,0,0","{'breeding_rate': 0.85, 'kittens_per_litter': 4.0, 'litters_per_year': 2.5, 'kitten_survival_rate': 0.5, 'female_ratio': 0.5, 'adult_survival_rate': 0.75, 'kitten_maturity_months': 6.0, 'seasonal_breeding_amplitude': 0.2, 'peak_breeding_month': 3.0, 'base_food_capacity': 0.9, 'food_scaling_factor': 0.8, 'water_availability': 0.9, 'shelter_quality': 0.8, 'urban_risk': 0.1, 'disease_risk': 0.05, 'natural_risk': 0.05, 'caretaker_support': 0.8, 'feeding_consistency': 0.9, 'sterilization_cost': 50.0, 'monthly_abandonment': 15.0, 'abandoned_sterilized_ratio': 0.2, 'territory_size': 1000.0, 'density_impact_threshold': 1.2, 'density_mortality_factor': 0.5, 'mortality_threshold': 30.0, 'survival_density_factor': 0.3, 'gestation_months': 2.0}"
2024-12-11 22:21:06,10,0,0,60,50.0,False,346,0,0,0.0,336,"10,13,20,26,28,50,48,55,67,77,87,91,116,121,111,127,135,148,145,140,154,155,148,177,171,177,159,174,182,177,211,218,212,233,239,245,244,242,235,241,264,251,241,234,233,270,279,267,275,279,301,288,292,321,321,330,332,346,331,348,346","0,0,0,0,0,0,0,0,0,0,0,0,0,0,0,0,0,0,0,0,0,0,0,0,0,0,0,0,0,0,0,0,0,0,0,0,0,0,0,0,0,0,0,0,0,0,0,0,0,0,0,0,0,0,0,0,0,0,0,0,0","{'breeding_rate': 0.85, 'kittens_per_litter': 4.0, 'litters_per_year': 2.5, 'kitten_survival_rate': 0.5, 'female_ratio': 0.5, 'adult_survival_rate': 0.75, 'kitten_maturity_months': 6.0, 'seasonal_breeding_amplitude': 0.2, 'peak_breeding_month': 3.0, 'base_food_capacity': 0.9, 'food_scaling_factor': 0.8, 'water_availability': 0.9, 'shelter_quality': 0.8, 'urban_risk': 0.1, 'disease_risk': 0.05, 'natural_risk': 0.05, 'caretaker_support': 0.8, 'feeding_consistency': 0.9, 'sterilization_cost': 50.0, 'monthly_abandonment': 4.0, 'abandoned_sterilized_ratio': 0.2, 'territory_size': 1000.0, 'density_impact_threshold': 1.2, 'density_mortality_factor': 0.5, 'mortality_threshold': 30.0, 'survival_density_factor': 0.3, 'gestation_months': 2.0}"
2024-12-11 22:21:17,10,0,0,60,50.0,False,421,0,0,0.0,411,"10,14,17,25,34,48,53,73,80,82,98,115,123,141,151,152,148,177,182,177,175,181,202,192,208,217,210,231,237,259,258,273,279,285,286,295,302,299,289,285,310,338,342,342,351,357,367,344,384,373,371,394,396,416,423,405,412,403,422,443,421","0,0,0,0,0,0,0,0,0,0,0,0,0,0,0,0,0,0,0,0,0,0,0,0,0,0,0,0,0,0,0,0,0,0,0,0,0,0,0,0,0,0,0,0,0,0,0,0,0,0,0,0,0,0,0,0,0,0,0,0,0","{'breeding_rate': 0.85, 'kittens_per_litter': 4.0, 'litters_per_year': 2.5, 'kitten_survival_rate': 0.5, 'female_ratio': 0.5, 'adult_survival_rate': 0.75, 'kitten_maturity_months': 6.0, 'seasonal_breeding_amplitude': 0.2, 'peak_breeding_month': 3.0, 'base_food_capacity': 0.9, 'food_scaling_factor': 0.8, 'water_availability': 0.9, 'shelter_quality': 0.8, 'urban_risk': 0.1, 'disease_risk': 0.05, 'natural_risk': 0.05, 'caretaker_support': 0.8, 'feeding_consistency': 0.9, 'sterilization_cost': 50.0, 'monthly_abandonment': 4.0, 'abandoned_sterilized_ratio': 0.2, 'territory_size': 1000.0, 'density_impact_threshold': 1.2, 'density_mortality_factor': 0.5, 'mortality_threshold': 30.0, 'survival_density_factor': 0.3, 'gestation_months': 2.0}"
2024-12-11 22:21:25,6,0,0,60,50.0,False,350,0,0,0.0,344,"6,10,14,30,34,41,51,44,48,71,69,84,91,105,110,124,142,152,162,160,152,168,163,175,192,192,195,198,202,208,199,218,226,217,214,247,234,252,254,273,291,282,311,288,297,292,320,306,309,296,325,302,311,314,337,340,333,344,363,340,350","0,0,0,0,0,0,0,0,0,0,0,0,0,0,0,0,0,0,0,0,0,0,0,0,0,0,0,0,0,0,0,0,0,0,0,0,0,0,0,0,0,0,0,0,0,0,0,0,0,0,0,0,0,0,0,0,0,0,0,0,0","{'breeding_rate': 0.85, 'kittens_per_litter': 4.0, 'litters_per_year': 2.5, 'kitten_survival_rate': 0.5, 'female_ratio': 0.5, 'adult_survival_rate': 0.75, 'kitten_maturity_months': 6.0, 'seasonal_breeding_amplitude': 0.2, 'peak_breeding_month': 3.0, 'base_food_capacity': 0.9, 'food_scaling_factor': 0.8, 'water_availability': 0.9, 'shelter_quality': 0.8, 'urban_risk': 0.1, 'disease_risk': 0.05, 'natural_risk': 0.05, 'caretaker_support': 0.8, 'feeding_consistency': 0.9, 'sterilization_cost': 50.0, 'monthly_abandonment': 4.0, 'abandoned_sterilized_ratio': 0.2, 'territory_size': 1000.0, 'density_impact_threshold': 1.2, 'density_mortality_factor': 0.5, 'mortality_threshold': 30.0, 'survival_density_factor': 0.3, 'gestation_months': 2.0}"
2024-12-11 22:21:28,150,0,0,60,50.0,False,481,0,0,0.0,331,"150,163,210,223,240,260,284,289,310,317,322,356,353,333,358,370,373,402,404,400,396,396,380,388,388,395,376,397,379,397,388,382,398,382,392,409,391,420,431,439,428,435,433,440,456,473,455,458,454,458,454,453,459,455,489,478,464,470,451,469,481","0,0,0,0,0,0,0,0,0,0,0,0,0,0,0,0,0,0,0,0,0,0,0,0,0,0,0,0,0,0,0,0,0,0,0,0,0,0,0,0,0,0,0,0,0,0,0,0,0,0,0,0,0,0,0,0,0,0,0,0,0","{'breeding_rate': 0.85, 'kittens_per_litter': 4.0, 'litters_per_year': 2.5, 'kitten_survival_rate': 0.5, 'female_ratio': 0.5, 'adult_survival_rate': 0.75, 'kitten_maturity_months': 6.0, 'seasonal_breeding_amplitude': 0.2, 'peak_breeding_month': 3.0, 'base_food_capacity': 0.9, 'food_scaling_factor': 0.8, 'water_availability': 0.9, 'shelter_quality': 0.8, 'urban_risk': 0.1, 'disease_risk': 0.05, 'natural_risk': 0.05, 'caretaker_support': 0.8, 'feeding_consistency': 0.9, 'sterilization_cost': 50.0, 'monthly_abandonment': 4.0, 'abandoned_sterilized_ratio': 0.2, 'territory_size': 1000.0, 'density_impact_threshold': 1.2, 'density_mortality_factor': 0.5, 'mortality_threshold': 30.0, 'survival_density_factor': 0.3, 'gestation_months': 2.0}"
2024-12-11 22:21:31,250,0,0,60,50.0,False,686,0,0,0.0,436,"250,276,336,380,410,440,429,454,466,513,544,554,565,558,565,580,550,590,595,593,586,594,599,586,564,547,542,562,572,614,624,613,624,624,697,679,664,602,623,657,628,649,640,643,647,668,660,681,660,651,651,694,685,695,677,682,670,671,689,683,686","0,0,0,0,0,0,0,0,0,0,0,0,0,0,0,0,0,0,0,0,0,0,0,0,0,0,0,0,0,0,0,0,0,0,0,0,0,0,0,0,0,0,0,0,0,0,0,0,0,0,0,0,0,0,0,0,0,0,0,0,0","{'breeding_rate': 0.85, 'kittens_per_litter': 4.0, 'litters_per_year': 2.5, 'kitten_survival_rate': 0.5, 'female_ratio': 0.5, 'adult_survival_rate': 0.75, 'kitten_maturity_months': 6.0, 'seasonal_breeding_amplitude': 0.2, 'peak_breeding_month': 3.0, 'base_food_capacity': 0.9, 'food_scaling_factor': 0.8, 'water_availability': 0.9, 'shelter_quality': 0.8, 'urban_risk': 0.1, 'disease_risk': 0.05, 'natural_risk': 0.05, 'caretaker_support': 0.8, 'feeding_consistency': 0.9, 'sterilization_cost': 50.0, 'monthly_abandonment': 4.0, 'abandoned_sterilized_ratio': 0.2, 'territory_size': 1000.0, 'density_impact_threshold': 1.2, 'density_mortality_factor': 0.5, 'mortality_threshold': 30.0, 'survival_density_factor': 0.3, 'gestation_months': 2.0}"
2024-12-11 23:18:32,10,0,1,12,50.0,False,9,9,12,600.0,-1,"10,10,13,12,11,11,11,11,10,10,10,9,9","0,1,2,3,4,5,6,7,8,9,10,9,9","{'breeding_rate': 0.85, 'kittens_per_litter': 4, 'litters_per_year': 2.5, 'kitten_survival_rate': 0.8, 'female_ratio': 0.5, 'adult_survival_rate': 0.92, 'kitten_maturity_months': 5, 'seasonal_breeding_amplitude': 0.15, 'peak_breeding_month': 3, 'base_food_capacity': 0.9, 'food_scaling_factor': 0.8, 'water_availability': 0.95, 'shelter_quality': 0.85, 'urban_risk': 0.08, 'disease_risk': 0.04, 'natural_risk': 0.04, 'caretaker_support': 1.0, 'feeding_consistency': 0.95, 'sterilization_cost': 50.0, 'monthly_abandonment': 0.0, 'abandoned_sterilized_ratio': 0.2, 'territory_size': 1000.0, 'density_impact_threshold': 1.2}"
2024-12-11 23:18:47,10,0,1,12,50.0,False,99,4,12,600.0,89,"10,13,23,33,40,42,50,59,61,70,96,97,99","0,1,1,1,2,2,2,2,3,3,4,4,4","{'breeding_rate': 0.85, 'kittens_per_litter': 4.0, 'litters_per_year': 2.5, 'kitten_survival_rate': 0.5, 'female_ratio': 0.5, 'adult_survival_rate': 0.75, 'kitten_maturity_months': 6.0, 'seasonal_breeding_amplitude': 0.2, 'peak_breeding_month': 3.0, 'base_food_capacity': 0.9, 'food_scaling_factor': 0.8, 'water_availability': 0.9, 'shelter_quality': 0.8, 'urban_risk': 0.1, 'disease_risk': 0.05, 'natural_risk': 0.05, 'caretaker_support': 0.8, 'feeding_consistency': 0.9, 'sterilization_cost': 50.0, 'monthly_abandonment': 4.0, 'abandoned_sterilized_ratio': 0.2, 'territory_size': 1000.0, 'density_impact_threshold': 1.2, 'density_mortality_factor': 0.5, 'mortality_threshold': 30.0, 'survival_density_factor': 0.3, 'gestation_months': 2.0}"
2024-12-11 23:18:50,10,0,1,12,50.0,False,29,8,12,600.0,19,"10,10,10,10,10,11,12,12,21,23,26,30,29","0,1,2,3,3,4,5,5,6,6,7,8,8","{'breeding_rate': 0.85, 'kittens_per_litter': 4.0, 'litters_per_year': 2.5, 'kitten_survival_rate': 0.5, 'female_ratio': 0.5, 'adult_survival_rate': 0.75, 'kitten_maturity_months': 6.0, 'seasonal_breeding_amplitude': 0.2, 'peak_breeding_month': 3.0, 'base_food_capacity': 0.9, 'food_scaling_factor': 0.8, 'water_availability': 0.9, 'shelter_quality': 0.8, 'urban_risk': 0.1, 'disease_risk': 0.05, 'natural_risk': 0.05, 'caretaker_support': 0.8, 'feeding_consistency': 0.9, 'sterilization_cost': 50.0, 'monthly_abandonment': 1.0, 'abandoned_sterilized_ratio': 0.2, 'territory_size': 1000.0, 'density_impact_threshold': 1.2, 'density_mortality_factor': 0.5, 'mortality_threshold': 30.0, 'survival_density_factor': 0.3, 'gestation_months': 2.0}"
2024-12-11 23:19:24,10,0,1,60,50.0,False,56,25,60,3000.0,46,"10,10,8,9,10,11,21,21,24,29,34,36,36,32,32,32,24,23,23,30,29,26,28,34,37,37,39,39,43,43,46,49,52,47,46,50,46,45,43,45,40,44,38,38,46,44,43,51,47,49,47,48,49,48,51,48,52,56,57,59,56","0,1,1,2,3,4,5,6,7,8,7,8,9,10,10,9,8,9,10,10,11,10,11,12,13,14,15,16,17,17,17,18,17,18,17,17,16,17,18,19,18,18,18,18,19,20,20,21,22,23,24,24,25,25,25,25,25,24,24,25,25","{'breeding_rate': 0.85, 'kittens_per_litter': 4.0, 'litters_per_year': 2.5, 'kitten_survival_rate': 0.5, 'female_ratio': 0.5, 'adult_survival_rate': 0.75, 'kitten_maturity_months': 6.0, 'seasonal_breeding_amplitude': 0.2, 'peak_breeding_month': 3.0, 'base_food_capacity': 0.9, 'food_scaling_factor': 0.8, 'water_availability': 0.9, 'shelter_quality': 0.8, 'urban_risk': 0.1, 'disease_risk': 0.05, 'natural_risk': 0.05, 'caretaker_support': 0.8, 'feeding_consistency': 0.9, 'sterilization_cost': 50.0, 'monthly_abandonment': 1.0, 'abandoned_sterilized_ratio': 0.2, 'territory_size': 1000.0, 'density_impact_threshold': 1.2, 'density_mortality_factor': 0.5, 'mortality_threshold': 30.0, 'survival_density_factor': 0.3, 'gestation_months': 2.0}"
2024-12-11 23:19:42,10,0,2,60,50.0,False,32,32,120,6000.0,22,"10,10,14,15,16,20,19,18,19,20,21,22,21,21,22,23,23,23,23,24,25,25,24,24,25,25,25,26,26,26,26,26,26,24,24,25,25,26,26,23,23,24,25,26,27,27,26,27,27,26,24,25,25,25,26,27,28,29,30,31,32","0,2,3,5,7,9,10,12,14,16,17,20,21,21,22,23,23,23,23,24,25,25,24,24,25,25,25,26,26,26,26,26,26,24,24,25,25,26,26,23,23,24,25,26,27,27,26,27,27,26,24,25,25,25,26,27,28,29,30,31,32","{'breeding_rate': 0.85, 'kittens_per_litter': 4.0, 'litters_per_year': 2.5, 'kitten_survival_rate': 0.5, 'female_ratio': 0.5, 'adult_survival_rate': 0.75, 'kitten_maturity_months': 6.0, 'seasonal_breeding_amplitude': 0.2, 'peak_breeding_month': 3.0, 'base_food_capacity': 0.9, 'food_scaling_factor': 0.8, 'water_availability': 0.9, 'shelter_quality': 0.8, 'urban_risk': 0.1, 'disease_risk': 0.05, 'natural_risk': 0.05, 'caretaker_support': 0.8, 'feeding_consistency': 0.9, 'sterilization_cost': 50.0, 'monthly_abandonment': 1.0, 'abandoned_sterilized_ratio': 0.2, 'territory_size': 1000.0, 'density_impact_threshold': 1.2, 'density_mortality_factor': 0.5, 'mortality_threshold': 30.0, 'survival_density_factor': 0.3, 'gestation_months': 2.0}"
2024-12-11 23:19:53,10,0,2,60,50.0,False,883,46,120,6000.0,873,"10,20,41,57,69,72,87,110,120,134,158,183,197,212,230,234,279,291,284,287,301,332,355,363,399,427,408,453,461,486,517,532,547,583,577,621,613,611,633,631,645,677,712,700,719,682,709,681,724,732,769,787,762,858,835,832,855,867,909,879,883","0,2,4,6,8,9,10,11,12,13,14,15,16,17,18,19,19,20,21,22,23,24,25,26,27,28,29,30,31,32,33,34,34,34,35,36,36,36,37,37,38,39,39,39,40,41,41,41,41,41,41,42,43,44,44,45,45,45,45,46,46","{'breeding_rate': 0.85, 'kittens_per_litter': 4.0, 'litters_per_year': 2.5, 'kitten_survival_rate': 0.5, 'female_ratio': 0.5, 'adult_survival_rate': 0.75, 'kitten_maturity_months': 6.0, 'seasonal_breeding_amplitude': 0.2, 'peak_breeding_month': 3.0, 'base_food_capacity': 0.9, 'food_scaling_factor': 0.8, 'water_availability': 0.9, 'shelter_quality': 0.8, 'urban_risk': 0.1, 'disease_risk': 0.05, 'natural_risk': 0.05, 'caretaker_support': 0.8, 'feeding_consistency': 0.9, 'sterilization_cost': 50.0, 'monthly_abandonment': 10.0, 'abandoned_sterilized_ratio': 0.2, 'territory_size': 1000.0, 'density_impact_threshold': 1.2, 'density_mortality_factor': 0.5, 'mortality_threshold': 30.0, 'survival_density_factor': 0.3, 'gestation_months': 2.0}"
2024-12-11 23:20:55,10,0,10,60,50.0,False,245,236,600,30000.0,235,"10,20,30,39,48,56,63,70,77,82,89,93,99,106,110,115,118,124,134,137,145,147,152,160,163,167,174,176,176,178,177,186,190,189,194,195,202,206,208,210,210,211,213,216,221,222,226,226,229,231,229,228,230,236,237,239,239,240,243,246,245","0,10,20,29,39,47,54,61,68,73,80,84,90,97,101,106,111,115,125,128,136,138,143,151,154,158,165,167,167,169,168,177,181,180,185,186,193,197,199,201,201,202,204,207,212,213,217,217,220,222,220,219,221,227,228,230,230,231,234,237,236","{'breeding_rate': 0.85, 'kittens_per_litter': 4.0, 'litters_per_year': 2.5, 'kitten_survival_rate': 0.5, 'female_ratio': 0.5, 'adult_survival_rate': 0.75, 'kitten_maturity_months': 6.0, 'seasonal_breeding_amplitude': 0.2, 'peak_breeding_month': 3.0, 'base_food_capacity': 0.9, 'food_scaling_factor': 0.8, 'water_availability': 0.9, 'shelter_quality': 0.8, 'urban_risk': 0.1, 'disease_risk': 0.05, 'natural_risk': 0.05, 'caretaker_support': 0.8, 'feeding_consistency': 0.9, 'sterilization_cost': 50.0, 'monthly_abandonment': 10.0, 'abandoned_sterilized_ratio': 0.2, 'territory_size': 1000.0, 'density_impact_threshold': 1.2, 'density_mortality_factor': 0.5, 'mortality_threshold': 30.0, 'survival_density_factor': 0.3, 'gestation_months': 2.0}"
2024-12-11 23:21:01,10,0,10,60,50.0,False,127,124,600,30000.0,117,"10,13,16,20,22,26,29,32,36,38,42,46,50,52,55,59,62,65,66,69,73,73,76,79,81,82,84,87,86,89,90,94,98,100,104,104,104,106,110,111,110,114,117,118,122,120,120,123,127,126,127,125,126,128,131,130,130,132,130,130,127","0,10,13,17,20,23,26,29,33,35,39,43,47,49,52,56,59,62,63,66,70,70,73,76,78,79,81,84,83,86,87,91,95,97,101,101,101,103,107,108,107,111,114,115,119,117,117,120,124,123,124,122,123,125,128,127,127,129,127,127,124","{'breeding_rate': 0.85, 'kittens_per_litter': 4.0, 'litters_per_year': 2.5, 'kitten_survival_rate': 0.5, 'female_ratio': 0.5, 'adult_survival_rate': 0.75, 'kitten_maturity_months': 6.0, 'seasonal_breeding_amplitude': 0.2, 'peak_breeding_month': 3.0, 'base_food_capacity': 0.9, 'food_scaling_factor': 0.8, 'water_availability': 0.9, 'shelter_quality': 0.8, 'urban_risk': 0.1, 'disease_risk': 0.05, 'natural_risk': 0.05, 'caretaker_support': 0.8, 'feeding_consistency': 0.9, 'sterilization_cost': 50.0, 'monthly_abandonment': 4.0, 'abandoned_sterilized_ratio': 0.2, 'territory_size': 1000.0, 'density_impact_threshold': 1.2, 'density_mortality_factor': 0.5, 'mortality_threshold': 30.0, 'survival_density_factor': 0.3, 'gestation_months': 2.0}"
2024-12-11 23:21:08,10,0,10,60,50.0,False,4023,267,600,30000.0,4013,"10,57,123,186,259,334,418,445,513,582,702,749,830,848,904,1001,1093,1182,1233,1297,1353,1430,1520,1593,1608,1650,1655,1772,1901,2013,2034,2040,2142,2235,2372,2508,2446,2495,2552,2619,2749,2736,2882,2916,2982,3125,3208,3221,3200,3240,3218,3297,3383,3434,3429,3494,3559,3621,3789,4053,4023","0,10,20,30,38,46,53,60,67,75,83,90,94,100,107,114,120,128,136,141,146,151,155,161,167,170,173,177,183,188,191,191,196,200,202,207,208,211,215,219,223,226,231,232,233,236,239,242,244,245,248,249,253,254,253,254,257,260,262,265,267","{'breeding_rate': 0.85, 'kittens_per_litter': 4.0, 'litters_per_year': 2.5, 'kitten_survival_rate': 0.5, 'female_ratio': 0.5, 'adult_survival_rate': 0.75, 'kitten_maturity_months': 6.0, 'seasonal_breeding_amplitude': 0.2, 'peak_breeding_month': 3.0, 'base_food_capacity': 0.9, 'food_scaling_factor': 0.8, 'water_availability': 0.9, 'shelter_quality': 0.8, 'urban_risk': 0.1, 'disease_risk': 0.05, 'natural_risk': 0.05, 'caretaker_support': 0.8, 'feeding_consistency': 0.9, 'sterilization_cost': 50.0, 'monthly_abandonment': 50.0, 'abandoned_sterilized_ratio': 0.2, 'territory_size': 1000.0, 'density_impact_threshold': 1.2, 'density_mortality_factor': 0.5, 'mortality_threshold': 30.0, 'survival_density_factor': 0.3, 'gestation_months': 2.0}"
2024-12-11 23:21:17,10,0,0,60,50.0,False,4499,0,0,0.0,4489,"10,60,123,201,298,378,440,510,632,698,788,900,943,1019,1115,1219,1318,1426,1461,1539,1632,1736,1835,1931,2004,1997,2066,2175,2325,2451,2476,2529,2582,2780,2816,2946,2944,2989,3117,3202,3288,3364,3319,3340,3545,3676,3898,3959,3897,3901,3898,3999,4136,4217,4290,4150,4291,4311,4441,4525,4499","0,0,0,0,0,0,0,0,0,0,0,0,0,0,0,0,0,0,0,0,0,0,0,0,0,0,0,0,0,0,0,0,0,0,0,0,0,0,0,0,0,0,0,0,0,0,0,0,0,0,0,0,0,0,0,0,0,0,0,0,0","{'breeding_rate': 0.85, 'kittens_per_litter': 4.0, 'litters_per_year': 2.5, 'kitten_survival_rate': 0.5, 'female_ratio': 0.5, 'adult_survival_rate': 0.75, 'kitten_maturity_months': 6.0, 'seasonal_breeding_amplitude': 0.2, 'peak_breeding_month': 3.0, 'base_food_capacity': 0.9, 'food_scaling_factor': 0.8, 'water_availability': 0.9, 'shelter_quality': 0.8, 'urban_risk': 0.1, 'disease_risk': 0.05, 'natural_risk': 0.05, 'caretaker_support': 0.8, 'feeding_consistency': 0.9, 'sterilization_cost': 50.0, 'monthly_abandonment': 50.0, 'abandoned_sterilized_ratio': 0.2, 'territory_size': 1000.0, 'density_impact_threshold': 1.2, 'density_mortality_factor': 0.5, 'mortality_threshold': 30.0, 'survival_density_factor': 0.3, 'gestation_months': 2.0}"
2024-12-11 23:21:19,10,0,10,60,50.0,False,3863,259,600,30000.0,3853,"10,60,124,175,272,352,420,459,536,611,663,739,778,854,903,1013,1072,1119,1216,1248,1375,1415,1536,1611,1679,1725,1736,1840,1953,2018,2087,2103,2259,2345,2410,2522,2591,2567,2628,2672,2764,2788,2813,2793,2834,2971,2963,3044,3011,3052,3051,3199,3340,3446,3468,3589,3530,3860,3765,3761,3863","0,10,19,27,36,45,53,59,66,73,80,88,96,104,110,116,122,129,136,140,145,152,157,163,169,174,177,181,184,190,195,200,203,205,209,214,216,218,222,226,230,232,234,237,239,242,243,244,248,248,247,248,251,253,254,254,255,256,258,258,259","{'breeding_rate': 0.85, 'kittens_per_litter': 4.0, 'litters_per_year': 2.5, 'kitten_survival_rate': 0.5, 'female_ratio': 0.5, 'adult_survival_rate': 0.75, 'kitten_maturity_months': 6.0, 'seasonal_breeding_amplitude': 0.2, 'peak_breeding_month': 3.0, 'base_food_capacity': 0.9, 'food_scaling_factor': 0.8, 'water_availability': 0.9, 'shelter_quality': 0.8, 'urban_risk': 0.1, 'disease_risk': 0.05, 'natural_risk': 0.05, 'caretaker_support': 0.8, 'feeding_consistency': 0.9, 'sterilization_cost': 50.0, 'monthly_abandonment': 50.0, 'abandoned_sterilized_ratio': 0.2, 'territory_size': 1000.0, 'density_impact_threshold': 1.2, 'density_mortality_factor': 0.5, 'mortality_threshold': 30.0, 'survival_density_factor': 0.3, 'gestation_months': 2.0}"
2024-12-11 23:21:26,10,0,10,60,50.0,False,647,265,600,30000.0,637,"10,25,50,65,78,90,105,113,125,135,136,155,166,181,190,200,217,239,244,258,259,271,282,294,322,340,338,374,362,366,372,375,381,404,425,428,450,452,443,462,469,466,470,467,482,493,511,526,531,546,549,547,553,573,584,600,594,573,614,620,647","0,10,19,29,39,45,52,61,70,76,82,90,96,102,110,117,122,129,134,136,142,147,152,159,161,167,172,178,181,185,187,189,192,197,203,206,212,207,207,210,218,217,217,220,222,228,228,230,232,235,236,237,238,240,245,250,253,255,260,262,265","{'breeding_rate': 0.85, 'kittens_per_litter': 4.0, 'litters_per_year': 2.5, 'kitten_survival_rate': 0.5, 'female_ratio': 0.5, 'adult_survival_rate': 0.75, 'kitten_maturity_months': 6.0, 'seasonal_breeding_amplitude': 0.2, 'peak_breeding_month': 3.0, 'base_food_capacity': 0.9, 'food_scaling_factor': 0.8, 'water_availability': 0.9, 'shelter_quality': 0.8, 'urban_risk': 0.1, 'disease_risk': 0.05, 'natural_risk': 0.05, 'caretaker_support': 0.8, 'feeding_consistency': 0.9, 'sterilization_cost': 50.0, 'monthly_abandonment': 15.0, 'abandoned_sterilized_ratio': 0.2, 'territory_size': 1000.0, 'density_impact_threshold': 1.2, 'density_mortality_factor': 0.5, 'mortality_threshold': 30.0, 'survival_density_factor': 0.3, 'gestation_months': 2.0}"
2024-12-12 11:21:01,10,0,1,12,50.0,False,8,8,12,600.0,-2,"10,9,9,9,9,9,9,8,8,8,8,8,8","0,1,2,3,4,5,6,6,7,8,8,8,8","{'breeding_rate': 0.85, 'kittens_per_litter': 4, 'litters_per_year': 2.5, 'kitten_survival_rate': 0.8, 'female_ratio': 0.5, 'adult_survival_rate': 0.92, 'kitten_maturity_months': 5, 'seasonal_breeding_amplitude': 0.15, 'peak_breeding_month': 3, 'base_food_capacity': 0.9, 'food_scaling_factor': 0.8, 'water_availability': 0.95, 'shelter_quality': 0.85, 'urban_risk': 0.08, 'disease_risk': 0.04, 'natural_risk': 0.04, 'caretaker_support': 1.0, 'feeding_consistency': 0.95, 'sterilization_cost': 50.0, 'monthly_abandonment': 0.0, 'abandoned_sterilized_ratio': 0.2, 'territory_size': 1000.0, 'density_impact_threshold': 1.2}"
2024-12-12 21:15:57,10,0,1,12,50.0,True,8.648,8.544,12,600.0,-1.3520000000000003,"10.0,9.496,10.43,10.782,10.594,10.094,9.676,9.348,9.104,8.95,8.824,8.748,8.648","0.0,1.0,1.894,2.828,3.732,4.642,5.564,6.442,7.318,7.952,8.37,8.526,8.544","{'breeding_rate': 0.85, 'kittens_per_litter': 4, 'litters_per_year': 2.5, 'kitten_survival_rate': 0.8, 'female_ratio': 0.5, 'adult_survival_rate': 0.92, 'kitten_maturity_months': 5.0, 'seasonal_breeding_amplitude': 0.15, 'peak_breeding_month': 3, 'base_food_capacity': 0.9, 'food_scaling_factor': 0.8, 'water_availability': 0.95, 'shelter_quality': 0.85, 'urban_risk': 0.08, 'disease_risk': 0.04, 'natural_risk': 0.04, 'caretaker_support': 1.0, 'feeding_consistency': 0.95, 'sterilization_cost': 50.0, 'monthly_abandonment': 0.0, 'abandoned_sterilized_ratio': 0.2, 'territory_size': 1000.0, 'density_impact_threshold': 1.2, 'num_simulations': 500, 'variation_coefficient': 0.2, 'base_breeding_success': 0.95, 'age_breeding_factor': 0.06, 'stress_impact': 0.12}",500,0.2,,,1.9920080321123206
2024-12-12 21:18:28,10,0,1,12,50.0,False,8,8,12,600.0,-2,"10,9,12,12,11,11,11,10,10,10,10,9,8","0,1,2,3,4,5,6,6,7,8,9,9,8","{'breeding_rate': 0.85, 'kittens_per_litter': 4, 'litters_per_year': 2.5, 'kitten_survival_rate': 0.8, 'female_ratio': 0.5, 'adult_survival_rate': 0.92, 'kitten_maturity_months': 5, 'seasonal_breeding_amplitude': 0.15, 'peak_breeding_month': 3, 'base_food_capacity': 0.9, 'food_scaling_factor': 0.8, 'water_availability': 0.95, 'shelter_quality': 0.85, 'urban_risk': 0.08, 'disease_risk': 0.04, 'natural_risk': 0.04, 'caretaker_support': 1.0, 'feeding_consistency': 0.95, 'sterilization_cost': 50.0, 'monthly_abandonment': 0.0, 'abandoned_sterilized_ratio': 0.2, 'territory_size': 1000.0, 'density_impact_threshold': 1.2}"
2024-12-12 21:24:06,10,0,1,12,50.0,False,9,9,12,600.0,-1,"10,10,14,13,11,10,10,10,9,9,9,9,9","0,1,2,3,4,5,6,7,7,8,9,9,9","{'breeding_rate': 0.85, 'kittens_per_litter': 4, 'litters_per_year': 2.5, 'kitten_survival_rate': 0.8, 'female_ratio': 0.5, 'adult_survival_rate': 0.92, 'kitten_maturity_months': 5, 'seasonal_breeding_amplitude': 0.15, 'peak_breeding_month': 3, 'base_food_capacity': 0.9, 'food_scaling_factor': 0.8, 'water_availability': 0.95, 'shelter_quality': 0.85, 'urban_risk': 0.08, 'disease_risk': 0.04, 'natural_risk': 0.04, 'caretaker_support': 1.0, 'feeding_consistency': 0.95, 'sterilization_cost': 50.0, 'monthly_abandonment': 0.0, 'abandoned_sterilized_ratio': 0.2, 'territory_size': 1000.0, 'density_impact_threshold': 1.2}"
2024-12-12 21:24:09,10,0,1,12,50.0,False,10,10,12,600.0,0,"10,10,9,14,14,15,12,11,11,11,10,10,10","0,1,2,3,3,4,5,6,7,8,8,10,10","{'breeding_rate': 0.85, 'kittens_per_litter': 4, 'litters_per_year': 2.5, 'kitten_survival_rate': 0.8, 'female_ratio': 0.5, 'adult_survival_rate': 0.92, 'kitten_maturity_months': 5, 'seasonal_breeding_amplitude': 0.15, 'peak_breeding_month': 3, 'base_food_capacity': 0.9, 'food_scaling_factor': 0.8, 'water_availability': 0.95, 'shelter_quality': 0.85, 'urban_risk': 0.08, 'disease_risk': 0.04, 'natural_risk': 0.04, 'caretaker_support': 1.0, 'feeding_consistency': 0.95, 'sterilization_cost': 50.0, 'monthly_abandonment': 0.0, 'abandoned_sterilized_ratio': 0.2, 'territory_size': 1000.0, 'density_impact_threshold': 1.2}"
2024-12-12 21:24:17,10,0,1,12,50.0,False,8,8,12,600.0,-2,"10,10,10,9,13,10,9,9,8,8,8,8,8","0,1,2,2,2,3,3,4,4,5,6,7,8","{'breeding_rate': 0.85, 'kittens_per_litter': 4.0, 'litters_per_year': 2.5, 'kitten_survival_rate': 0.15, 'female_ratio': 0.5, 'adult_survival_rate': 0.75, 'kitten_maturity_months': 6.0, 'seasonal_breeding_amplitude': 0.2, 'peak_breeding_month': 3.0, 'base_food_capacity': 0.9, 'food_scaling_factor': 0.8, 'water_availability': 0.9, 'shelter_quality': 0.8, 'urban_risk': 0.1, 'disease_risk': 0.05, 'natural_risk': 0.05, 'caretaker_support': 0.8, 'feeding_consistency': 0.9, 'sterilization_cost': 50.0, 'monthly_abandonment': 0.0, 'abandoned_sterilized_ratio': 0.2, 'territory_size': 1000.0, 'density_impact_threshold': 1.2, 'density_mortality_factor': 0.5, 'mortality_threshold': 30.0, 'survival_density_factor': 0.3, 'gestation_months': 2.0}"
2024-12-12 21:24:22,10,0,1,12,50.0,False,3,3,12,600.0,-7,"10,9,6,6,6,6,5,4,4,3,3,3,3","0,1,1,2,3,4,4,4,4,3,3,3,3","{'breeding_rate': 0.85, 'kittens_per_litter': 4.0, 'litters_per_year': 2.5, 'kitten_survival_rate': 0.1, 'female_ratio': 0.5, 'adult_survival_rate': 0.2, 'kitten_maturity_months': 6.0, 'seasonal_breeding_amplitude': 0.2, 'peak_breeding_month': 3.0, 'base_food_capacity': 0.9, 'food_scaling_factor': 0.8, 'water_availability': 0.9, 'shelter_quality': 0.8, 'urban_risk': 0.1, 'disease_risk': 0.05, 'natural_risk': 0.05, 'caretaker_support': 0.8, 'feeding_consistency': 0.9, 'sterilization_cost': 50.0, 'monthly_abandonment': 0.0, 'abandoned_sterilized_ratio': 0.2, 'territory_size': 1000.0, 'density_impact_threshold': 1.2, 'density_mortality_factor': 0.5, 'mortality_threshold': 30.0, 'survival_density_factor': 0.3, 'gestation_months': 2.0}"
2024-12-12 21:24:26,10,0,1,60,50.0,False,0,0,60,3000.0,-10,"10,10,14,11,9,8,7,6,5,5,4,4,3,2,2,2,2,2,2,1,1,1,1,0,0,0,0,0,0,0,0,0,0,0,0,0,0,0,0,0,0,0,0,0,0,0,0,0,0,0,0,0,0,0,0,0,0,0,0,0,0","0,1,2,2,2,3,3,2,3,4,4,4,3,2,2,2,2,2,2,1,1,1,1,0,0,0,0,0,0,0,0,0,0,0,0,0,0,0,0,0,0,0,0,0,0,0,0,0,0,0,0,0,0,0,0,0,0,0,0,0,0","{'breeding_rate': 0.85, 'kittens_per_litter': 4.0, 'litters_per_year': 2.5, 'kitten_survival_rate': 0.1, 'female_ratio': 0.5, 'adult_survival_rate': 0.2, 'kitten_maturity_months': 6.0, 'seasonal_breeding_amplitude': 0.2, 'peak_breeding_month': 3.0, 'base_food_capacity': 0.9, 'food_scaling_factor': 0.8, 'water_availability': 0.9, 'shelter_quality': 0.8, 'urban_risk': 0.1, 'disease_risk': 0.05, 'natural_risk': 0.05, 'caretaker_support': 0.8, 'feeding_consistency': 0.9, 'sterilization_cost': 50.0, 'monthly_abandonment': 0.0, 'abandoned_sterilized_ratio': 0.2, 'territory_size': 1000.0, 'density_impact_threshold': 1.2, 'density_mortality_factor': 0.5, 'mortality_threshold': 30.0, 'survival_density_factor': 0.3, 'gestation_months': 2.0}"
2024-12-12 21:24:30,142,0,1,60,50.0,False,1,1,60,3000.0,-141,"142,129,158,129,115,116,109,90,77,70,58,54,56,54,47,52,49,51,48,37,30,27,22,20,21,15,15,19,16,13,10,10,8,7,5,4,4,2,2,2,2,1,1,1,1,1,1,1,1,1,1,1,1,1,1,1,1,1,1,1,1","0,1,1,1,1,1,1,1,1,1,1,1,2,2,2,2,2,2,2,2,2,3,2,3,3,2,2,2,3,3,3,4,4,4,4,4,4,2,2,2,2,1,1,1,1,1,1,1,1,1,1,1,1,1,1,1,1,1,1,1,1","{'breeding_rate': 0.85, 'kittens_per_litter': 4.0, 'litters_per_year': 2.5, 'kitten_survival_rate': 0.1, 'female_ratio': 0.5, 'adult_survival_rate': 0.2, 'kitten_maturity_months': 6.0, 'seasonal_breeding_amplitude': 0.2, 'peak_breeding_month': 3.0, 'base_food_capacity': 0.9, 'food_scaling_factor': 0.8, 'water_availability': 0.9, 'shelter_quality': 0.8, 'urban_risk': 0.1, 'disease_risk': 0.05, 'natural_risk': 0.05, 'caretaker_support': 0.8, 'feeding_consistency': 0.9, 'sterilization_cost': 50.0, 'monthly_abandonment': 0.0, 'abandoned_sterilized_ratio': 0.2, 'territory_size': 1000.0, 'density_impact_threshold': 1.2, 'density_mortality_factor': 0.5, 'mortality_threshold': 30.0, 'survival_density_factor': 0.3, 'gestation_months': 2.0}"
2024-12-12 21:24:34,250,0,1,60,50.0,False,5,5,60,3000.0,-245,"250,241,282,269,272,276,265,241,227,195,172,167,160,135,122,119,119,117,117,110,107,95,90,72,64,59,54,55,53,60,59,52,42,51,49,48,43,36,36,30,33,30,32,32,25,21,19,18,17,16,18,15,14,12,11,10,9,8,7,7,5","0,1,1,1,1,1,1,1,1,1,1,1,1,2,2,2,2,2,2,2,2,2,2,2,2,2,2,2,2,2,2,2,2,2,2,2,2,2,2,2,3,4,4,4,3,3,3,4,5,6,5,5,4,4,5,5,4,3,6,7,5","{'breeding_rate': 0.85, 'kittens_per_litter': 4.0, 'litters_per_year': 2.5, 'kitten_survival_rate': 0.1, 'female_ratio': 0.5, 'adult_survival_rate': 0.2, 'kitten_maturity_months': 6.0, 'seasonal_breeding_amplitude': 0.2, 'peak_breeding_month': 3.0, 'base_food_capacity': 0.9, 'food_scaling_factor': 0.8, 'water_availability': 0.9, 'shelter_quality': 0.8, 'urban_risk': 0.1, 'disease_risk': 0.05, 'natural_risk': 0.05, 'caretaker_support': 0.8, 'feeding_consistency': 0.9, 'sterilization_cost': 50.0, 'monthly_abandonment': 0.0, 'abandoned_sterilized_ratio': 0.2, 'territory_size': 1000.0, 'density_impact_threshold': 1.2, 'density_mortality_factor': 0.5, 'mortality_threshold': 30.0, 'survival_density_factor': 0.3, 'gestation_months': 2.0}"
2024-12-12 21:24:40,250,0,0,60,50.0,False,4,0,0,0.0,-246,"250,239,276,270,256,249,217,208,170,170,152,128,120,112,105,123,126,103,88,78,71,65,72,69,60,53,47,52,45,44,42,46,39,44,46,46,41,34,37,37,28,26,25,25,20,27,24,24,20,20,17,10,10,9,8,7,7,7,12,8,4","0,0,0,0,0,0,0,0,0,0,0,0,0,0,0,0,0,0,0,0,0,0,0,0,0,0,0,0,0,0,0,0,0,0,0,0,0,0,0,0,0,0,0,0,0,0,0,0,0,0,0,0,0,0,0,0,0,0,0,0,0","{'breeding_rate': 0.85, 'kittens_per_litter': 4.0, 'litters_per_year': 2.5, 'kitten_survival_rate': 0.1, 'female_ratio': 0.5, 'adult_survival_rate': 0.2, 'kitten_maturity_months': 6.0, 'seasonal_breeding_amplitude': 0.2, 'peak_breeding_month': 3.0, 'base_food_capacity': 0.9, 'food_scaling_factor': 0.8, 'water_availability': 0.9, 'shelter_quality': 0.8, 'urban_risk': 0.1, 'disease_risk': 0.05, 'natural_risk': 0.05, 'caretaker_support': 0.8, 'feeding_consistency': 0.9, 'sterilization_cost': 50.0, 'monthly_abandonment': 0.0, 'abandoned_sterilized_ratio': 0.2, 'territory_size': 1000.0, 'density_impact_threshold': 1.2, 'density_mortality_factor': 0.5, 'mortality_threshold': 30.0, 'survival_density_factor': 0.3, 'gestation_months': 2.0}"
2024-12-12 21:24:55,250,0,0,60,50.0,False,643,0,0,0.0,393,"250,279,371,367,466,462,516,513,529,546,572,561,564,583,560,583,560,517,559,553,533,537,535,532,509,493,503,518,529,533,544,534,542,543,552,536,534,528,512,551,565,563,551,556,576,553,569,512,499,534,516,513,583,585,573,600,603,619,646,624,643","0,0,0,0,0,0,0,0,0,0,0,0,0,0,0,0,0,0,0,0,0,0,0,0,0,0,0,0,0,0,0,0,0,0,0,0,0,0,0,0,0,0,0,0,0,0,0,0,0,0,0,0,0,0,0,0,0,0,0,0,0","{'breeding_rate': 0.85, 'kittens_per_litter': 4.0, 'litters_per_year': 2.5, 'kitten_survival_rate': 0.9, 'female_ratio': 0.5, 'adult_survival_rate': 0.95, 'kitten_maturity_months': 6.0, 'seasonal_breeding_amplitude': 0.2, 'peak_breeding_month': 3.0, 'base_food_capacity': 0.9, 'food_scaling_factor': 0.8, 'water_availability': 0.9, 'shelter_quality': 0.8, 'urban_risk': 0.1, 'disease_risk': 0.05, 'natural_risk': 0.05, 'caretaker_support': 0.8, 'feeding_consistency': 0.9, 'sterilization_cost': 50.0, 'monthly_abandonment': 0.0, 'abandoned_sterilized_ratio': 0.2, 'territory_size': 1000.0, 'density_impact_threshold': 1.2, 'density_mortality_factor': 0.5, 'mortality_threshold': 30.0, 'survival_density_factor': 0.3, 'gestation_months': 2.0}"
2024-12-12 21:28:03,10,0,1,12,50.0,False,10,10,12,600.0,0,"10,10,10,10,10,10,10,10,10,10,10,10,10","0,1,2,3,4,5,6,7,8,9,10,10,10","{'breeding_rate': 0.85, 'kittens_per_litter': 4, 'litters_per_year': 2.5, 'kitten_survival_rate': 0.8, 'female_ratio': 0.5, 'adult_survival_rate': 0.92, 'kitten_maturity_months': 5, 'seasonal_breeding_amplitude': 0.15, 'peak_breeding_month': 3, 'base_food_capacity': 0.9, 'food_scaling_factor': 0.8, 'water_availability': 0.95, 'shelter_quality': 0.85, 'urban_risk': 0.08, 'disease_risk': 0.04, 'natural_risk': 0.04, 'caretaker_support': 1.0, 'feeding_consistency': 0.95, 'sterilization_cost': 50.0, 'monthly_abandonment': 0.0, 'abandoned_sterilized_ratio': 0.2, 'territory_size': 1000.0, 'density_impact_threshold': 1.2}"
2024-12-12 21:28:08,10,0,1,60,50.0,False,7,7,60,3000.0,-3,"10,9,9,14,13,13,13,12,12,12,12,12,12,12,11,11,11,11,10,10,10,10,10,10,10,10,10,10,10,10,10,10,10,10,10,10,10,10,10,10,9,9,9,9,9,9,9,9,8,8,8,8,8,8,8,7,7,7,7,7,7","0,1,2,3,4,5,6,7,8,9,10,11,12,12,11,11,11,11,10,10,10,10,10,10,10,10,10,10,10,10,10,10,10,10,10,10,10,10,10,10,9,9,9,9,9,9,9,9,8,8,8,8,8,8,8,7,7,7,7,7,7","{'breeding_rate': 0.85, 'kittens_per_litter': 4, 'litters_per_year': 2.5, 'kitten_survival_rate': 0.8, 'female_ratio': 0.5, 'adult_survival_rate': 0.92, 'kitten_maturity_months': 5, 'seasonal_breeding_amplitude': 0.15, 'peak_breeding_month': 3, 'base_food_capacity': 0.9, 'food_scaling_factor': 0.8, 'water_availability': 0.95, 'shelter_quality': 0.85, 'urban_risk': 0.08, 'disease_risk': 0.04, 'natural_risk': 0.04, 'caretaker_support': 1.0, 'feeding_consistency': 0.95, 'sterilization_cost': 50.0, 'monthly_abandonment': 0.0, 'abandoned_sterilized_ratio': 0.2, 'territory_size': 1000.0, 'density_impact_threshold': 1.2}"
2024-12-12 21:28:15,79,0,1,60,50.0,False,105,29,60,3000.0,26,"79,80,91,108,116,126,132,127,130,134,134,137,125,139,114,129,151,150,139,143,136,126,133,133,126,124,116,114,115,102,91,90,90,87,94,95,87,84,86,83,75,81,89,93,95,105,104,111,93,89,96,106,110,103,110,110,109,111,111,117,105","0,1,1,1,1,1,2,2,2,2,2,3,3,3,4,5,5,5,5,5,5,6,7,8,8,9,10,10,11,11,12,12,12,12,13,14,15,16,16,17,18,18,19,20,20,21,21,21,22,22,22,23,23,24,25,26,25,26,27,28,29","{'breeding_rate': 0.85, 'kittens_per_litter': 4, 'litters_per_year': 2.5, 'kitten_survival_rate': 0.8, 'female_ratio': 0.5, 'adult_survival_rate': 0.92, 'kitten_maturity_months': 5, 'seasonal_breeding_amplitude': 0.15, 'peak_breeding_month': 3, 'base_food_capacity': 0.9, 'food_scaling_factor': 0.8, 'water_availability': 0.95, 'shelter_quality': 0.85, 'urban_risk': 0.08, 'disease_risk': 0.04, 'natural_risk': 0.04, 'caretaker_support': 1.0, 'feeding_consistency': 0.95, 'sterilization_cost': 50.0, 'monthly_abandonment': 0.0, 'abandoned_sterilized_ratio': 0.2, 'territory_size': 1000.0, 'density_impact_threshold': 1.2}"
2024-12-12 21:29:49,10,0,1,12,50.0,False,9,9,12,600.0,-1,"10,10,10,10,10,10,9,9,9,9,9,9,9","0,1,2,3,4,5,5,6,7,8,9,9,9","{'breeding_rate': 0.85, 'kittens_per_litter': 4, 'litters_per_year': 2.5, 'kitten_survival_rate': 0.8, 'female_ratio': 0.5, 'adult_survival_rate': 0.92, 'kitten_maturity_months': 5, 'seasonal_breeding_amplitude': 0.15, 'peak_breeding_month': 3, 'base_food_capacity': 0.9, 'food_scaling_factor': 0.8, 'water_availability': 0.95, 'shelter_quality': 0.85, 'urban_risk': 0.08, 'disease_risk': 0.04, 'natural_risk': 0.04, 'caretaker_support': 1.0, 'feeding_consistency': 0.95, 'sterilization_cost': 50.0, 'monthly_abandonment': 0.0, 'abandoned_sterilized_ratio': 0.2, 'territory_size': 1000.0, 'density_impact_threshold': 1.2}"
2024-12-12 21:29:53,10,0,0,12,50.0,False,14,0,0,0.0,4,"10,10,13,17,18,25,23,20,18,15,19,18,14","0,0,0,0,0,0,0,0,0,0,0,0,0","{'breeding_rate': 0.85, 'kittens_per_litter': 4, 'litters_per_year': 2.5, 'kitten_survival_rate': 0.8, 'female_ratio': 0.5, 'adult_survival_rate': 0.92, 'kitten_maturity_months': 5, 'seasonal_breeding_amplitude': 0.15, 'peak_breeding_month': 3, 'base_food_capacity': 0.9, 'food_scaling_factor': 0.8, 'water_availability': 0.95, 'shelter_quality': 0.85, 'urban_risk': 0.08, 'disease_risk': 0.04, 'natural_risk': 0.04, 'caretaker_support': 1.0, 'feeding_consistency': 0.95, 'sterilization_cost': 50.0, 'monthly_abandonment': 0.0, 'abandoned_sterilized_ratio': 0.2, 'territory_size': 1000.0, 'density_impact_threshold': 1.2}"
2024-12-12 21:40:11,10,0,1,12,50.0,False,7,7,12,600.0,-3,"10,9,8,8,8,8,8,8,8,7,7,7,7","0,1,2,3,4,5,6,7,8,7,7,7,7","{'breeding_rate': 0.85, 'kittens_per_litter': 4, 'litters_per_year': 2.5, 'kitten_survival_rate': 0.8, 'female_ratio': 0.5, 'adult_survival_rate': 0.92, 'kitten_maturity_months': 5, 'seasonal_breeding_amplitude': 0.15, 'peak_breeding_month': 3, 'base_food_capacity': 0.9, 'food_scaling_factor': 0.8, 'water_availability': 0.95, 'shelter_quality': 0.85, 'urban_risk': 0.08, 'disease_risk': 0.04, 'natural_risk': 0.04, 'caretaker_support': 1.0, 'feeding_consistency': 0.95, 'sterilization_cost': 50.0, 'monthly_abandonment': 0.0, 'abandoned_sterilized_ratio': 0.2, 'territory_size': 1000.0, 'density_impact_threshold': 1.2}"
2024-12-12 21:44:38,10,0,1,12,50.0,False,8,8,12,600.0,-2,"10,10,10,10,9,9,8,8,8,8,8,8,8","0,1,2,3,4,5,5,6,7,8,8,8,8","{'breeding_rate': 0.85, 'kittens_per_litter': 4, 'litters_per_year': 2.5, 'kitten_survival_rate': 0.8, 'female_ratio': 0.5, 'adult_survival_rate': 0.92, 'kitten_maturity_months': 5, 'seasonal_breeding_amplitude': 0.15, 'peak_breeding_month': 3, 'base_food_capacity': 0.9, 'food_scaling_factor': 0.8, 'water_availability': 0.95, 'shelter_quality': 0.85, 'urban_risk': 0.08, 'disease_risk': 0.04, 'natural_risk': 0.04, 'caretaker_support': 1.0, 'feeding_consistency': 0.95, 'sterilization_cost': 50.0, 'monthly_abandonment': 0.0, 'abandoned_sterilized_ratio': 0.2, 'territory_size': 1000.0, 'density_impact_threshold': 1.2}"
2024-12-12 22:00:04,10,0,1,12,50.0,False,9,9,12,600.0,-1,"10,10,14,17,13,11,11,10,10,9,9,9,9","0,1,2,3,4,4,5,6,7,7,8,9,9","{'breeding_rate': 0.85, 'kittens_per_litter': 4, 'litters_per_year': 2.5, 'kitten_survival_rate': 0.8, 'female_ratio': 0.5, 'adult_survival_rate': 0.92, 'kitten_maturity_months': 5, 'seasonal_breeding_amplitude': 0.15, 'peak_breeding_month': 3, 'base_food_capacity': 0.9, 'food_scaling_factor': 0.8, 'water_availability': 0.95, 'shelter_quality': 0.85, 'urban_risk': 0.08, 'disease_risk': 0.04, 'natural_risk': 0.04, 'caretaker_support': 1.0, 'feeding_consistency': 0.95, 'sterilization_cost': 50.0, 'monthly_abandonment': 0.0, 'abandoned_sterilized_ratio': 0.2, 'territory_size': 1000.0, 'density_impact_threshold': 1.2}"
2024-12-12 22:01:56,10,0,1,12,50.0,False,9,9,12,600.0,-1,"10,10,14,12,10,10,10,10,10,10,10,9,9","0,1,2,3,4,5,6,7,8,9,10,9,9","{'breeding_rate': 0.85, 'kittens_per_litter': 4, 'litters_per_year': 2.5, 'kitten_survival_rate': 0.8, 'female_ratio': 0.5, 'adult_survival_rate': 0.92, 'kitten_maturity_months': 5, 'seasonal_breeding_amplitude': 0.15, 'peak_breeding_month': 3, 'base_food_capacity': 0.9, 'food_scaling_factor': 0.8, 'water_availability': 0.95, 'shelter_quality': 0.85, 'urban_risk': 0.08, 'disease_risk': 0.04, 'natural_risk': 0.04, 'caretaker_support': 1.0, 'feeding_consistency': 0.95, 'sterilization_cost': 50.0, 'monthly_abandonment': 0.0, 'abandoned_sterilized_ratio': 0.2, 'territory_size': 1000.0, 'density_impact_threshold': 1.2}"
2024-12-12 22:03:40,10,0,1,12,50.0,False,8,8,12,600.0,-2,"10,10,14,12,11,9,9,9,8,8,8,8,8","0,1,2,3,4,4,5,6,7,8,8,8,8","{'breeding_rate': 0.85, 'kittens_per_litter': 4, 'litters_per_year': 2.5, 'kitten_survival_rate': 0.8, 'female_ratio': 0.5, 'adult_survival_rate': 0.92, 'kitten_maturity_months': 5, 'seasonal_breeding_amplitude': 0.15, 'peak_breeding_month': 3, 'base_food_capacity': 0.9, 'food_scaling_factor': 0.8, 'water_availability': 0.95, 'shelter_quality': 0.85, 'urban_risk': 0.08, 'disease_risk': 0.04, 'natural_risk': 0.04, 'caretaker_support': 1.0, 'feeding_consistency': 0.95, 'sterilization_cost': 50.0, 'monthly_abandonment': 0.0, 'abandoned_sterilized_ratio': 0.2, 'territory_size': 1000.0, 'density_impact_threshold': 1.2}"
2024-12-12 22:05:45,10,0,1,12,50.0,False,12,12,12,600.0,2,"10,10,13,13,12,12,12,12,12,12,12,12,12","0,1,2,3,4,5,6,7,8,9,10,11,12","{'breeding_rate': 0.85, 'kittens_per_litter': 4, 'litters_per_year': 2.5, 'kitten_survival_rate': 0.8, 'female_ratio': 0.5, 'adult_survival_rate': 0.92, 'kitten_maturity_months': 5, 'seasonal_breeding_amplitude': 0.15, 'peak_breeding_month': 3, 'base_food_capacity': 0.9, 'food_scaling_factor': 0.8, 'water_availability': 0.95, 'shelter_quality': 0.85, 'urban_risk': 0.08, 'disease_risk': 0.04, 'natural_risk': 0.04, 'caretaker_support': 1.0, 'feeding_consistency': 0.95, 'sterilization_cost': 50.0, 'monthly_abandonment': 0.0, 'abandoned_sterilized_ratio': 0.2, 'territory_size': 1000.0, 'density_impact_threshold': 1.2}"
2024-12-12 22:11:43,10,0,1,12,50.0,False,7,7,12,600.0,-3,"10,10,10,10,9,9,8,8,8,8,8,7,7","0,1,2,3,4,5,6,7,8,8,8,7,7","{'breeding_rate': 0.85, 'kittens_per_litter': 4, 'litters_per_year': 2.5, 'kitten_survival_rate': 0.8, 'female_ratio': 0.5, 'adult_survival_rate': 0.92, 'kitten_maturity_months': 5, 'seasonal_breeding_amplitude': 0.15, 'peak_breeding_month': 3, 'base_food_capacity': 0.9, 'food_scaling_factor': 0.8, 'water_availability': 0.95, 'shelter_quality': 0.85, 'urban_risk': 0.08, 'disease_risk': 0.04, 'natural_risk': 0.04, 'caretaker_support': 1.0, 'feeding_consistency': 0.95, 'sterilization_cost': 50.0, 'monthly_abandonment': 0.0, 'abandoned_sterilized_ratio': 0.2, 'territory_size': 1000.0, 'density_impact_threshold': 1.2}"
2024-12-12 22:13:53,10,0,1,12,50.0,False,8,8,12,600.0,-2,"10,10,10,10,10,9,9,9,9,9,9,8,8","0,1,2,3,4,5,6,7,8,9,9,8,8","{'breeding_rate': 0.85, 'kittens_per_litter': 4, 'litters_per_year': 2.5, 'kitten_survival_rate': 0.8, 'female_ratio': 0.5, 'adult_survival_rate': 0.92, 'kitten_maturity_months': 5, 'seasonal_breeding_amplitude': 0.15, 'peak_breeding_month': 3, 'base_food_capacity': 0.9, 'food_scaling_factor': 0.8, 'water_availability': 0.95, 'shelter_quality': 0.85, 'urban_risk': 0.08, 'disease_risk': 0.04, 'natural_risk': 0.04, 'caretaker_support': 1.0, 'feeding_consistency': 0.95, 'sterilization_cost': 50.0, 'monthly_abandonment': 0.0, 'abandoned_sterilized_ratio': 0.2, 'territory_size': 1000.0, 'density_impact_threshold': 1.2}"
2024-12-12 22:18:29,10,0,1,12,50.0,False,10,10,12,600.0,0,"10,10,10,10,10,10,10,10,10,10,10,10,10","0,1,2,3,4,5,6,7,8,9,10,10,10","{'breeding_rate': 0.85, 'kittens_per_litter': 4, 'litters_per_year': 2.5, 'kitten_survival_rate': 0.8, 'female_ratio': 0.5, 'adult_survival_rate': 0.92, 'kitten_maturity_months': 5, 'seasonal_breeding_amplitude': 0.15, 'peak_breeding_month': 3, 'base_food_capacity': 0.9, 'food_scaling_factor': 0.8, 'water_availability': 0.95, 'shelter_quality': 0.85, 'urban_risk': 0.08, 'disease_risk': 0.04, 'natural_risk': 0.04, 'caretaker_support': 1.0, 'feeding_consistency': 0.95, 'sterilization_cost': 50.0, 'monthly_abandonment': 0.0, 'abandoned_sterilized_ratio': 0.2, 'territory_size': 1000.0, 'density_impact_threshold': 1.2}"
2024-12-12 22:20:46,10,0,1,12,50.0,False,7,7,12,600.0,-3,"10,10,10,10,9,9,9,9,8,8,8,7,7","0,1,2,3,3,4,5,6,6,7,8,7,7","{'breeding_rate': 0.85, 'kittens_per_litter': 4.0, 'litters_per_year': 2.5, 'kitten_survival_rate': 0.5, 'female_ratio': 0.5, 'adult_survival_rate': 0.75, 'kitten_maturity_months': 6.0, 'seasonal_breeding_amplitude': 0.2, 'peak_breeding_month': 3.0, 'base_food_capacity': 0.9, 'food_scaling_factor': 0.8, 'water_availability': 0.9, 'shelter_quality': 0.8, 'urban_risk': 0.1, 'disease_risk': 0.05, 'natural_risk': 0.05, 'caretaker_support': 0.8, 'feeding_consistency': 0.9, 'sterilization_cost': 50.0, 'monthly_abandonment': 0.0, 'abandoned_sterilized_ratio': 0.2, 'territory_size': 1000.0, 'density_impact_threshold': 1.2, 'density_mortality_factor': 0.5, 'mortality_threshold': 30.0, 'survival_density_factor': 0.3, 'gestation_months': 2.0}"
2024-12-12 22:21:16,10,0,1,12,50.0,False,1404,3,12,600.0,1394,"10,60,120,274,378,484,553,735,853,1007,1064,1293,1404","0,1,2,3,3,3,3,3,3,3,3,3,3","{'breeding_rate': 1.0, 'kittens_per_litter': 8.0, 'litters_per_year': 4.0, 'kitten_survival_rate': 0.9, 'female_ratio': 0.5, 'adult_survival_rate': 0.95, 'kitten_maturity_months': 6.0, 'seasonal_breeding_amplitude': 0.5, 'peak_breeding_month': 12.0, 'base_food_capacity': 0.9, 'food_scaling_factor': 0.8, 'water_availability': 1.0, 'shelter_quality': 1.0, 'urban_risk': 0.5, 'disease_risk': 0.5, 'natural_risk': 0.5, 'caretaker_support': 1.0, 'feeding_consistency': 1.0, 'sterilization_cost': 50.0, 'monthly_abandonment': 50.0, 'abandoned_sterilized_ratio': 0.2, 'territory_size': 1000.0, 'density_impact_threshold': 1.2, 'density_mortality_factor': 0.5, 'mortality_threshold': 30.0, 'survival_density_factor': 0.3, 'gestation_months': 2.0}"
2024-12-12 22:24:17,10,0,1,12,50.0,False,10,10,12,600.0,0,"10,10,10,10,10,10,10,10,10,10,10,10,10","0,1,2,3,4,5,6,7,8,9,10,10,10","{'breeding_rate': 0.85, 'kittens_per_litter': 4.0, 'litters_per_year': 2.5, 'kitten_survival_rate': 0.5, 'female_ratio': 0.5, 'adult_survival_rate': 0.75, 'kitten_maturity_months': 6.0, 'seasonal_breeding_amplitude': 0.2, 'peak_breeding_month': 3.0, 'base_food_capacity': 0.9, 'food_scaling_factor': 0.8, 'water_availability': 0.9, 'shelter_quality': 0.8, 'urban_risk': 0.1, 'disease_risk': 0.05, 'natural_risk': 0.05, 'caretaker_support': 0.8, 'feeding_consistency': 0.9, 'sterilization_cost': 50.0, 'monthly_abandonment': 0.0, 'abandoned_sterilized_ratio': 0.2, 'territory_size': 1000.0, 'density_impact_threshold': 1.2, 'density_mortality_factor': 0.5, 'mortality_threshold': 30.0, 'survival_density_factor': 0.3, 'gestation_months': 2.0}"
2024-12-12 22:52:49,10,0,1,12,50.0,False,10,10,12,600.0,0,"10,10,10,19,17,15,14,12,10,10,10,10,10","0,1,2,3,4,5,6,7,8,9,10,10,10","{'breeding_rate': 0.85, 'kittens_per_litter': 4, 'litters_per_year': 2.5, 'kitten_survival_rate': 0.8, 'female_ratio': 0.5, 'adult_survival_rate': 0.92, 'kitten_maturity_months': 5, 'seasonal_breeding_amplitude': 0.15, 'peak_breeding_month': 3, 'base_food_capacity': 0.9, 'food_scaling_factor': 0.8, 'water_availability': 0.95, 'shelter_quality': 0.85, 'urban_risk': 0.08, 'disease_risk': 0.04, 'natural_risk': 0.04, 'caretaker_support': 1.0, 'feeding_consistency': 0.95, 'sterilization_cost': 50.0, 'monthly_abandonment': 0.0, 'abandoned_sterilized_ratio': 0.2, 'territory_size': 1000.0, 'density_impact_threshold': 1.2}"
2024-12-12 22:52:51,10,0,1,12,50.0,False,7,7,12,600.0,-3,"10,8,8,7,11,9,8,8,8,7,7,7,7","0,1,2,2,3,4,5,6,7,7,7,7,7","{'breeding_rate': 0.85, 'kittens_per_litter': 4, 'litters_per_year': 2.5, 'kitten_survival_rate': 0.8, 'female_ratio': 0.5, 'adult_survival_rate': 0.92, 'kitten_maturity_months': 5, 'seasonal_breeding_amplitude': 0.15, 'peak_breeding_month': 3, 'base_food_capacity': 0.9, 'food_scaling_factor': 0.8, 'water_availability': 0.95, 'shelter_quality': 0.85, 'urban_risk': 0.08, 'disease_risk': 0.04, 'natural_risk': 0.04, 'caretaker_support': 1.0, 'feeding_consistency': 0.95, 'sterilization_cost': 50.0, 'monthly_abandonment': 0.0, 'abandoned_sterilized_ratio': 0.2, 'territory_size': 1000.0, 'density_impact_threshold': 1.2}"
2024-12-12 22:52:55,10,0,1,12,50.0,False,13,12,12,600.0,3,"10,10,14,17,20,17,15,14,13,13,13,13,13","0,1,2,3,4,5,6,7,8,8,10,11,12","{'breeding_rate': 0.85, 'kittens_per_litter': 4, 'litters_per_year': 2.5, 'kitten_survival_rate': 0.8, 'female_ratio': 0.5, 'adult_survival_rate': 0.92, 'kitten_maturity_months': 5, 'seasonal_breeding_amplitude': 0.15, 'peak_breeding_month': 3, 'base_food_capacity': 0.9, 'food_scaling_factor': 0.8, 'water_availability': 0.95, 'shelter_quality': 0.85, 'urban_risk': 0.08, 'disease_risk': 0.04, 'natural_risk': 0.04, 'caretaker_support': 1.0, 'feeding_consistency': 0.95, 'sterilization_cost': 50.0, 'monthly_abandonment': 0.0, 'abandoned_sterilized_ratio': 0.2, 'territory_size': 1000.0, 'density_impact_threshold': 1.2}"
2024-12-12 22:53:05,10,0,1,12,50.0,False,82,3,12,600.0,72,"10,14,23,31,37,43,47,56,65,56,61,73,82","0,1,1,2,2,2,2,2,2,2,3,3,3","{'breeding_rate': 0.85, 'kittens_per_litter': 4.0, 'litters_per_year': 2.5, 'kitten_survival_rate': 0.5, 'female_ratio': 0.5, 'adult_survival_rate': 0.75, 'kitten_maturity_months': 6.0, 'seasonal_breeding_amplitude': 0.2, 'peak_breeding_month': 3.0, 'base_food_capacity': 0.9, 'food_scaling_factor': 0.8, 'water_availability': 0.9, 'shelter_quality': 0.8, 'urban_risk': 0.1, 'disease_risk': 0.05, 'natural_risk': 0.05, 'caretaker_support': 0.8, 'feeding_consistency': 0.9, 'sterilization_cost': 50.0, 'monthly_abandonment': 4.0, 'abandoned_sterilized_ratio': 0.2, 'territory_size': 1000.0, 'density_impact_threshold': 1.2, 'density_mortality_factor': 0.5, 'mortality_threshold': 30.0, 'survival_density_factor': 0.3, 'gestation_months': 2.0}"
2024-12-12 22:53:11,10,0,1,12,150.0,False,85,7,12,1800.0,75,"10,13,26,31,44,50,55,46,58,64,73,85,85","0,1,2,3,4,4,5,5,5,5,6,6,7","{'breeding_rate': 0.85, 'kittens_per_litter': 4.0, 'litters_per_year': 2.5, 'kitten_survival_rate': 0.5, 'female_ratio': 0.5, 'adult_survival_rate': 0.75, 'kitten_maturity_months': 6.0, 'seasonal_breeding_amplitude': 0.2, 'peak_breeding_month': 3.0, 'base_food_capacity': 0.9, 'food_scaling_factor': 0.8, 'water_availability': 0.9, 'shelter_quality': 0.8, 'urban_risk': 0.1, 'disease_risk': 0.05, 'natural_risk': 0.05, 'caretaker_support': 0.8, 'feeding_consistency': 0.9, 'sterilization_cost': 150.0, 'monthly_abandonment': 4.0, 'abandoned_sterilized_ratio': 0.2, 'territory_size': 1000.0, 'density_impact_threshold': 1.2, 'density_mortality_factor': 0.5, 'mortality_threshold': 30.0, 'survival_density_factor': 0.3, 'gestation_months': 2.0}"
2024-12-12 22:53:33,10,0,3,12,150.0,False,60,26,36,5400.0,50,"10,14,16,23,35,41,40,42,41,44,55,57,60","0,3,5,7,10,13,14,16,18,21,24,25,26","{'breeding_rate': 0.85, 'kittens_per_litter': 4.0, 'litters_per_year': 2.5, 'kitten_survival_rate': 0.5, 'female_ratio': 0.5, 'adult_survival_rate': 0.75, 'kitten_maturity_months': 6.0, 'seasonal_breeding_amplitude': 0.2, 'peak_breeding_month': 3.0, 'base_food_capacity': 0.9, 'food_scaling_factor': 0.8, 'water_availability': 0.9, 'shelter_quality': 0.8, 'urban_risk': 0.1, 'disease_risk': 0.05, 'natural_risk': 0.05, 'caretaker_support': 0.8, 'feeding_consistency': 0.9, 'sterilization_cost': 150.0, 'monthly_abandonment': 4.0, 'abandoned_sterilized_ratio': 0.2, 'territory_size': 1000.0, 'density_impact_threshold': 1.2, 'density_mortality_factor': 0.5, 'mortality_threshold': 30.0, 'survival_density_factor': 0.3, 'gestation_months': 2.0}"
2024-12-12 22:53:40,10,0,3,60,150.0,False,236,77,180,27000.0,226,"10,13,14,21,26,29,35,40,42,46,50,51,54,59,61,67,69,76,85,84,92,90,94,95,109,108,120,117,121,132,143,136,134,146,136,150,149,152,162,169,167,173,174,174,170,184,195,192,200,203,198,194,183,199,206,209,216,224,221,245,236","0,3,5,8,10,13,16,18,20,22,25,28,30,31,34,37,37,40,43,44,44,45,47,50,52,52,54,55,56,57,60,60,60,61,63,64,64,65,65,68,68,68,66,67,69,70,71,73,73,73,73,73,75,76,75,75,77,78,79,79,77","{'breeding_rate': 0.85, 'kittens_per_litter': 4.0, 'litters_per_year': 2.5, 'kitten_survival_rate': 0.5, 'female_ratio': 0.5, 'adult_survival_rate': 0.75, 'kitten_maturity_months': 6.0, 'seasonal_breeding_amplitude': 0.2, 'peak_breeding_month': 3.0, 'base_food_capacity': 0.9, 'food_scaling_factor': 0.8, 'water_availability': 0.9, 'shelter_quality': 0.8, 'urban_risk': 0.1, 'disease_risk': 0.05, 'natural_risk': 0.05, 'caretaker_support': 0.8, 'feeding_consistency': 0.9, 'sterilization_cost': 150.0, 'monthly_abandonment': 4.0, 'abandoned_sterilized_ratio': 0.2, 'territory_size': 1000.0, 'density_impact_threshold': 1.2, 'density_mortality_factor': 0.5, 'mortality_threshold': 30.0, 'survival_density_factor': 0.3, 'gestation_months': 2.0}"
2024-12-12 22:54:07,40,15,3,60,150.0,False,213,73,180,27000.0,173,"40,47,53,62,69,79,81,83,86,79,91,84,82,88,93,86,94,106,112,115,127,126,127,132,137,144,140,147,146,146,152,148,154,146,145,141,134,142,156,152,166,168,173,169,168,173,175,175,169,177,189,177,166,179,180,183,179,179,192,200,213","15,18,19,22,23,25,28,31,32,34,35,36,37,38,40,41,43,44,45,47,49,50,52,53,54,56,57,57,60,61,61,61,61,62,60,60,60,61,61,62,65,65,66,66,67,66,66,66,68,69,69,67,63,63,63,65,68,69,71,73,73","{'breeding_rate': 0.85, 'kittens_per_litter': 4.0, 'litters_per_year': 2.5, 'kitten_survival_rate': 0.5, 'female_ratio': 0.5, 'adult_survival_rate': 0.75, 'kitten_maturity_months': 6.0, 'seasonal_breeding_amplitude': 0.2, 'peak_breeding_month': 3.0, 'base_food_capacity': 0.9, 'food_scaling_factor': 0.8, 'water_availability': 0.9, 'shelter_quality': 0.8, 'urban_risk': 0.1, 'disease_risk': 0.05, 'natural_risk': 0.05, 'caretaker_support': 0.8, 'feeding_consistency': 0.9, 'sterilization_cost': 150.0, 'monthly_abandonment': 4.0, 'abandoned_sterilized_ratio': 0.2, 'territory_size': 1000.0, 'density_impact_threshold': 1.2, 'density_mortality_factor': 0.5, 'mortality_threshold': 30.0, 'survival_density_factor': 0.3, 'gestation_months': 2.0}"
2024-12-12 22:54:20,40,15,3,60,150.0,False,217,75,180,27000.0,177,"40,46,57,58,63,73,85,83,83,91,100,103,101,101,100,100,110,110,106,112,123,127,141,130,136,136,142,143,150,162,160,158,163,181,172,165,175,161,178,174,197,191,181,189,196,208,202,199,200,185,186,193,194,199,200,193,200,215,214,205,217","15,17,18,20,23,26,27,29,31,33,35,37,38,39,39,40,42,43,43,43,46,48,49,51,53,53,53,54,54,56,57,57,57,59,59,59,60,60,61,62,64,63,64,66,68,68,70,70,66,66,66,67,69,69,69,69,72,72,73,75,75","{'breeding_rate': 0.85, 'kittens_per_litter': 4.0, 'litters_per_year': 2.5, 'kitten_survival_rate': 0.5, 'female_ratio': 0.5, 'adult_survival_rate': 0.75, 'kitten_maturity_months': 6.0, 'seasonal_breeding_amplitude': 0.2, 'peak_breeding_month': 3.0, 'base_food_capacity': 0.9, 'food_scaling_factor': 0.8, 'water_availability': 0.9, 'shelter_quality': 0.8, 'urban_risk': 0.1, 'disease_risk': 0.05, 'natural_risk': 0.05, 'caretaker_support': 0.8, 'feeding_consistency': 0.9, 'sterilization_cost': 150.0, 'monthly_abandonment': 4.0, 'abandoned_sterilized_ratio': 0.2, 'territory_size': 1000.0, 'density_impact_threshold': 1.2, 'density_mortality_factor': 0.5, 'mortality_threshold': 30.0, 'survival_density_factor': 0.3, 'gestation_months': 2.0}"
2024-12-12 22:54:23,40,15,3,60,150.0,False,186,70,180,27000.0,146,"40,43,53,59,63,71,72,86,93,83,91,93,91,90,103,114,108,108,124,116,114,133,129,141,146,147,149,163,161,157,157,150,151,155,151,162,151,150,149,147,175,173,173,184,193,204,191,176,181,181,181,195,191,198,207,216,212,198,182,204,186","15,17,19,21,23,23,24,26,28,29,31,32,33,34,35,35,36,38,39,42,44,45,47,49,51,52,54,56,54,55,54,54,54,54,54,52,52,55,58,60,61,64,64,63,64,66,66,67,67,68,69,70,73,72,75,76,74,73,73,73,70","{'breeding_rate': 0.85, 'kittens_per_litter': 4.0, 'litters_per_year': 2.5, 'kitten_survival_rate': 0.5, 'female_ratio': 0.5, 'adult_survival_rate': 0.75, 'kitten_maturity_months': 6.0, 'seasonal_breeding_amplitude': 0.2, 'peak_breeding_month': 3.0, 'base_food_capacity': 0.9, 'food_scaling_factor': 0.8, 'water_availability': 0.9, 'shelter_quality': 0.8, 'urban_risk': 0.1, 'disease_risk': 0.05, 'natural_risk': 0.05, 'caretaker_support': 0.8, 'feeding_consistency': 0.9, 'sterilization_cost': 150.0, 'monthly_abandonment': 4.0, 'abandoned_sterilized_ratio': 0.2, 'territory_size': 1000.0, 'density_impact_threshold': 1.2, 'density_mortality_factor': 0.5, 'mortality_threshold': 30.0, 'survival_density_factor': 0.3, 'gestation_months': 2.0}"
2024-12-12 22:54:25,40,15,3,60,150.0,False,193,76,180,27000.0,153,"40,48,57,58,57,76,79,80,90,92,86,91,88,87,83,96,100,95,110,108,105,104,118,120,128,120,124,118,131,133,138,141,136,156,154,157,155,159,163,156,170,166,182,180,184,175,172,169,172,175,173,182,194,184,193,203,197,199,204,206,193","15,18,20,22,25,25,27,30,31,32,31,31,32,34,37,38,40,41,44,45,47,47,50,53,53,53,53,53,56,58,59,61,63,65,68,68,69,69,69,69,70,68,69,69,70,70,68,69,70,70,70,72,73,72,75,75,75,75,76,76,76","{'breeding_rate': 0.85, 'kittens_per_litter': 4.0, 'litters_per_year': 2.5, 'kitten_survival_rate': 0.5, 'female_ratio': 0.5, 'adult_survival_rate': 0.75, 'kitten_maturity_months': 6.0, 'seasonal_breeding_amplitude': 0.2, 'peak_breeding_month': 3.0, 'base_food_capacity': 0.9, 'food_scaling_factor': 0.8, 'water_availability': 0.9, 'shelter_quality': 0.8, 'urban_risk': 0.1, 'disease_risk': 0.05, 'natural_risk': 0.05, 'caretaker_support': 0.8, 'feeding_consistency': 0.9, 'sterilization_cost': 150.0, 'monthly_abandonment': 4.0, 'abandoned_sterilized_ratio': 0.2, 'territory_size': 1000.0, 'density_impact_threshold': 1.2, 'density_mortality_factor': 0.5, 'mortality_threshold': 30.0, 'survival_density_factor': 0.3, 'gestation_months': 2.0}"
2024-12-12 22:54:40,40,15,3,60,150.0,True,219.05,82.866,180,27000.0,179.05,"40.0,43.248,52.268,59.474,65.238,70.276,74.516,77.86,81.312,85.314,89.536,92.888,94.922,97.148,99.668,104.09,107.832,111.1,113.732,116.612,119.228,123.514,126.702,129.864,131.18,132.894,135.338,138.79,142.03,145.726,147.832,150.882,153.36,157.014,160.28,163.39,163.508,165.348,166.682,170.774,174.344,176.932,178.882,181.136,183.39,186.778,190.18,192.746,193.262,193.548,194.754,198.706,201.578,204.316,205.804,207.044,209.228,212.816,216.454,219.986,219.05","15.0,17.174,19.278,21.4,23.382,25.22,27.1,28.724,30.45,32.224,33.99,35.656,37.282,38.854,40.396,41.864,43.312,44.638,45.958,47.314,48.574,49.878,51.138,52.338,53.542,54.662,55.81,56.858,57.896,58.966,59.906,60.926,61.998,62.94,63.96,64.846,65.802,66.668,67.51,68.264,69.112,69.904,70.654,71.508,72.296,73.106,73.916,74.664,75.336,76.084,76.73,77.356,78.02,78.508,79.214,79.812,80.44,80.95,81.524,82.194,82.866","{'breeding_rate': 0.85, 'kittens_per_litter': 4.0, 'litters_per_year': 2.5, 'kitten_survival_rate': 0.5, 'female_ratio': 0.5, 'adult_survival_rate': 0.75, 'kitten_maturity_months': 6.0, 'seasonal_breeding_amplitude': 0.2, 'peak_breeding_month': 3, 'base_food_capacity': 0.9, 'food_scaling_factor': 0.8, 'water_availability': 0.9, 'shelter_quality': 0.8, 'urban_risk': 0.1, 'disease_risk': 0.05, 'natural_risk': 0.05, 'caretaker_support': 0.8, 'feeding_consistency': 0.9, 'sterilization_cost': 150.0, 'monthly_abandonment': 4.0, 'abandoned_sterilized_ratio': 0.2, 'territory_size': 1000.0, 'density_impact_threshold': 1.2, 'density_mortality_factor': 0.5, 'mortality_threshold': 30.0, 'survival_density_factor': 0.3, 'gestation_months': 2.0, 'num_simulations': 500, 'variation_coefficient': 0.2, 'base_breeding_success': 0.95, 'age_breeding_factor': 0.06, 'stress_impact': 0.12}",500,0.2,,,86.58985795114806
2024-12-12 22:54:45,40,15,3,60,150.0,False,233,77,180,27000.0,193,"40,45,54,64,73,76,74,87,91,105,98,107,101,95,109,107,110,100,114,116,113,113,126,136,134,130,126,133,137,133,136,134,128,139,135,141,147,154,156,171,191,197,193,206,201,199,200,200,208,198,193,202,206,213,217,214,229,224,241,239,233","15,17,19,22,24,26,28,29,29,32,33,35,37,37,39,42,44,44,44,44,44,45,47,48,49,48,49,52,51,52,53,53,53,51,52,53,54,55,56,58,60,60,61,62,65,65,65,65,65,66,68,68,69,72,73,72,73,75,74,76,77","{'breeding_rate': 0.85, 'kittens_per_litter': 4.0, 'litters_per_year': 2.5, 'kitten_survival_rate': 0.5, 'female_ratio': 0.5, 'adult_survival_rate': 0.75, 'kitten_maturity_months': 6.0, 'seasonal_breeding_amplitude': 0.2, 'peak_breeding_month': 3.0, 'base_food_capacity': 0.9, 'food_scaling_factor': 0.8, 'water_availability': 0.9, 'shelter_quality': 0.8, 'urban_risk': 0.1, 'disease_risk': 0.05, 'natural_risk': 0.05, 'caretaker_support': 0.8, 'feeding_consistency': 0.9, 'sterilization_cost': 150.0, 'monthly_abandonment': 4.0, 'abandoned_sterilized_ratio': 0.2, 'territory_size': 1000.0, 'density_impact_threshold': 1.2, 'density_mortality_factor': 0.5, 'mortality_threshold': 30.0, 'survival_density_factor': 0.3, 'gestation_months': 2.0}"
2024-12-12 22:54:58,40,15,3,24,150.0,False,127,54,72,10800.0,87,"40,46,60,60,57,62,64,87,79,83,93,92,98,97,105,108,120,110,110,113,115,117,118,123,127","15,18,21,23,25,26,29,30,31,33,33,35,38,41,43,46,48,49,48,49,49,52,53,52,54","{'breeding_rate': 0.85, 'kittens_per_litter': 4.0, 'litters_per_year': 2.5, 'kitten_survival_rate': 0.5, 'female_ratio': 0.5, 'adult_survival_rate': 0.75, 'kitten_maturity_months': 6.0, 'seasonal_breeding_amplitude': 0.2, 'peak_breeding_month': 3.0, 'base_food_capacity': 0.9, 'food_scaling_factor': 0.8, 'water_availability': 0.9, 'shelter_quality': 0.8, 'urban_risk': 0.1, 'disease_risk': 0.05, 'natural_risk': 0.05, 'caretaker_support': 0.8, 'feeding_consistency': 0.9, 'sterilization_cost': 150.0, 'monthly_abandonment': 4.0, 'abandoned_sterilized_ratio': 0.2, 'territory_size': 1000.0, 'density_impact_threshold': 1.2, 'density_mortality_factor': 0.5, 'mortality_threshold': 30.0, 'survival_density_factor': 0.3, 'gestation_months': 2.0}"
